0 verbose cli /Users/rayanqadir/.nvm/versions/node/v23.11.1/bin/node /Users/rayanqadir/.npm-global/bin/npm
1 info using npm@11.6.3
2 info using node@v23.11.1
3 silly config load:file:/Users/rayanqadir/.npm-global/lib/node_modules/npm/npmrc
4 warn Unknown env config "devdir". This will stop working in the next major version of npm.
5 silly config load:file:/Users/rayanqadir/Desktop/Farely/backend/.npmrc
6 silly config load:file:/Users/rayanqadir/.npmrc
7 silly config load:file:/Users/rayanqadir/.nvm/versions/node/v23.11.1/etc/npmrc
8 verbose title npm install
9 verbose argv "install" "--cache" "./.npm-cache"
10 verbose logfile logs-max:10 dir:/Users/rayanqadir/Desktop/Farely/backend/.npm-cache/_logs/2026-04-30T19_56_08_715Z-
11 verbose logfile /Users/rayanqadir/Desktop/Farely/backend/.npm-cache/_logs/2026-04-30T19_56_08_715Z-debug-0.log
12 silly logfile done cleaning log files
13 silly packumentCache heap:4345298944 maxSize:1086324736 maxEntrySize:543162368
14 silly idealTree buildDeps
15 silly reify moves {}
16 silly audit bulk request {
16 silly audit   '@aws-crypto/crc32': [ '5.2.0' ],
16 silly audit   '@aws-crypto/crc32c': [ '5.2.0' ],
16 silly audit   '@aws-crypto/sha1-browser': [ '5.2.0' ],
16 silly audit   '@smithy/is-array-buffer': [ '2.2.0', '4.2.2' ],
16 silly audit   '@smithy/util-buffer-from': [ '2.2.0', '4.2.2' ],
16 silly audit   '@smithy/util-utf8': [ '2.3.0', '4.2.2' ],
16 silly audit   '@aws-crypto/sha256-browser': [ '5.2.0' ],
16 silly audit   '@aws-crypto/sha256-js': [ '5.2.0' ],
16 silly audit   '@aws-crypto/supports-web-crypto': [ '5.2.0' ],
16 silly audit   '@aws-crypto/util': [ '5.2.0' ],
16 silly audit   '@aws-sdk/client-s3': [ '3.1036.0' ],
16 silly audit   '@aws-sdk/core': [ '3.974.5' ],
16 silly audit   '@aws-sdk/crc64-nvme': [ '3.972.7' ],
16 silly audit   '@aws-sdk/credential-provider-env': [ '3.972.31' ],
16 silly audit   '@aws-sdk/credential-provider-http': [ '3.972.33' ],
16 silly audit   '@aws-sdk/credential-provider-ini': [ '3.972.35' ],
16 silly audit   '@aws-sdk/credential-provider-login': [ '3.972.35' ],
16 silly audit   '@aws-sdk/credential-provider-node': [ '3.972.36' ],
16 silly audit   '@aws-sdk/credential-provider-process': [ '3.972.31' ],
16 silly audit   '@aws-sdk/credential-provider-sso': [ '3.972.35' ],
16 silly audit   '@aws-sdk/credential-provider-web-identity': [ '3.972.35' ],
16 silly audit   '@aws-sdk/middleware-bucket-endpoint': [ '3.972.10' ],
16 silly audit   '@aws-sdk/middleware-expect-continue': [ '3.972.10' ],
16 silly audit   '@aws-sdk/middleware-flexible-checksums': [ '3.974.13' ],
16 silly audit   '@aws-sdk/middleware-host-header': [ '3.972.10' ],
16 silly audit   '@aws-sdk/middleware-location-constraint': [ '3.972.10' ],
16 silly audit   '@aws-sdk/middleware-logger': [ '3.972.10' ],
16 silly audit   '@aws-sdk/middleware-recursion-detection': [ '3.972.11' ],
16 silly audit   '@aws-sdk/middleware-sdk-s3': [ '3.972.34' ],
16 silly audit   '@aws-sdk/middleware-ssec': [ '3.972.10' ],
16 silly audit   '@aws-sdk/middleware-user-agent': [ '3.972.35' ],
16 silly audit   '@aws-sdk/nested-clients': [ '3.997.3' ],
16 silly audit   '@aws-sdk/region-config-resolver': [ '3.972.13' ],
16 silly audit   '@aws-sdk/s3-request-presigner': [ '3.1036.0' ],
16 silly audit   '@aws-sdk/signature-v4-multi-region': [ '3.996.22' ],
16 silly audit   '@aws-sdk/token-providers': [ '3.1036.0' ],
16 silly audit   '@aws-sdk/types': [ '3.973.8' ],
16 silly audit   '@aws-sdk/util-arn-parser': [ '3.972.3' ],
16 silly audit   '@aws-sdk/util-endpoints': [ '3.996.8' ],
16 silly audit   '@aws-sdk/util-format-url': [ '3.972.10' ],
16 silly audit   '@aws-sdk/util-locate-window': [ '3.965.5' ],
16 silly audit   '@aws-sdk/util-user-agent-browser': [ '3.972.10' ],
16 silly audit   '@aws-sdk/util-user-agent-node': [ '3.973.21' ],
16 silly audit   '@aws-sdk/xml-builder': [ '3.972.19' ],
16 silly audit   '@aws/lambda-invoke-store': [ '0.2.4' ],
16 silly audit   '@eslint-community/eslint-utils': [ '4.9.1' ],
16 silly audit   '@eslint-community/regexpp': [ '4.12.2' ],
16 silly audit   '@eslint/eslintrc': [ '2.1.4' ],
16 silly audit   debug: [ '4.4.3', '2.6.9' ],
16 silly audit   ms: [ '2.1.3', '2.0.0' ],
16 silly audit   '@eslint/js': [ '8.57.1' ],
16 silly audit   '@getbrevo/brevo': [ '2.5.0' ],
16 silly audit   '@humanwhocodes/config-array': [ '0.13.0' ],
16 silly audit   '@humanwhocodes/module-importer': [ '1.0.1' ],
16 silly audit   '@humanwhocodes/object-schema': [ '2.0.3' ],
16 silly audit   '@mongodb-js/saslprep': [ '1.4.9' ],
16 silly audit   '@nodable/entities': [ '2.1.0' ],
16 silly audit   '@nodelib/fs.scandir': [ '2.1.5' ],
16 silly audit   '@nodelib/fs.stat': [ '2.0.5' ],
16 silly audit   '@nodelib/fs.walk': [ '1.2.8' ],
16 silly audit   '@smithy/chunked-blob-reader': [ '5.2.2' ],
16 silly audit   '@smithy/chunked-blob-reader-native': [ '4.2.3' ],
16 silly audit   '@smithy/config-resolver': [ '4.4.17' ],
16 silly audit   '@smithy/core': [ '3.23.17' ],
16 silly audit   '@smithy/credential-provider-imds': [ '4.2.14' ],
16 silly audit   '@smithy/eventstream-codec': [ '4.2.14' ],
16 silly audit   '@smithy/eventstream-serde-browser': [ '4.2.14' ],
16 silly audit   '@smithy/eventstream-serde-config-resolver': [ '4.3.14' ],
16 silly audit   '@smithy/eventstream-serde-node': [ '4.2.14' ],
16 silly audit   '@smithy/eventstream-serde-universal': [ '4.2.14' ],
16 silly audit   '@smithy/fetch-http-handler': [ '5.3.17' ],
16 silly audit   '@smithy/hash-blob-browser': [ '4.2.15' ],
16 silly audit   '@smithy/hash-node': [ '4.2.14' ],
16 silly audit   '@smithy/hash-stream-node': [ '4.2.14' ],
16 silly audit   '@smithy/invalid-dependency': [ '4.2.14' ],
16 silly audit   '@smithy/md5-js': [ '4.2.14' ],
16 silly audit   '@smithy/middleware-content-length': [ '4.2.14' ],
16 silly audit   '@smithy/middleware-endpoint': [ '4.4.32' ],
16 silly audit   '@smithy/middleware-retry': [ '4.5.5' ],
16 silly audit   '@smithy/middleware-serde': [ '4.2.20' ],
16 silly audit   '@smithy/middleware-stack': [ '4.2.14' ],
16 silly audit   '@smithy/node-config-provider': [ '4.3.14' ],
16 silly audit   '@smithy/node-http-handler': [ '4.6.1' ],
16 silly audit   '@smithy/property-provider': [ '4.2.14' ],
16 silly audit   '@smithy/protocol-http': [ '5.3.14' ],
16 silly audit   '@smithy/querystring-builder': [ '4.2.14' ],
16 silly audit   '@smithy/querystring-parser': [ '4.2.14' ],
16 silly audit   '@smithy/service-error-classification': [ '4.3.0' ],
16 silly audit   '@smithy/shared-ini-file-loader': [ '4.4.9' ],
16 silly audit   '@smithy/signature-v4': [ '5.3.14' ],
16 silly audit   '@smithy/smithy-client': [ '4.12.13' ],
16 silly audit   '@smithy/types': [ '4.14.1' ],
16 silly audit   '@smithy/url-parser': [ '4.2.14' ],
16 silly audit   '@smithy/util-base64': [ '4.3.2' ],
16 silly audit   '@smithy/util-body-length-browser': [ '4.2.2' ],
16 silly audit   '@smithy/util-body-length-node': [ '4.2.3' ],
16 silly audit   '@smithy/util-config-provider': [ '4.2.2' ],
16 silly audit   '@smithy/util-defaults-mode-browser': [ '4.3.49' ],
16 silly audit   '@smithy/util-defaults-mode-node': [ '4.2.54' ],
16 silly audit   '@smithy/util-endpoints': [ '3.4.2' ],
16 silly audit   '@smithy/util-hex-encoding': [ '4.2.2' ],
16 silly audit   '@smithy/util-middleware': [ '4.2.14' ],
16 silly audit   '@smithy/util-retry': [ '4.3.4' ],
16 silly audit   '@smithy/util-stream': [ '4.5.25' ],
16 silly audit   '@smithy/util-uri-escape': [ '4.2.2' ],
16 silly audit   '@smithy/util-waiter': [ '4.2.16' ],
16 silly audit   '@smithy/uuid': [ '1.1.2' ],
16 silly audit   '@types/webidl-conversions': [ '7.0.3' ],
16 silly audit   '@types/whatwg-url': [ '11.0.5' ],
16 silly audit   '@ungap/structured-clone': [ '1.3.0' ],
16 silly audit   accepts: [ '1.3.8' ],
16 silly audit   acorn: [ '8.16.0' ],
16 silly audit   'acorn-jsx': [ '5.3.2' ],
16 silly audit   'agent-base': [ '7.1.4', '6.0.2' ],
16 silly audit   ajv: [ '6.15.0' ],
16 silly audit   'ansi-regex': [ '5.0.1' ],
16 silly audit   'ansi-styles': [ '4.3.0' ],
16 silly audit   'append-field': [ '1.0.0' ],
16 silly audit   argparse: [ '2.0.1' ],
16 silly audit   'array-flatten': [ '1.1.1' ],
16 silly audit   asn1: [ '0.2.6' ],
16 silly audit   'assert-plus': [ '1.0.0' ],
16 silly audit   asynckit: [ '0.4.0' ],
16 silly audit   'aws-sign2': [ '0.7.0' ],
16 silly audit   aws4: [ '1.13.2' ],
16 silly audit   axios: [ '1.15.2' ],
16 silly audit   'form-data': [ '4.0.5', '2.3.3' ],
16 silly audit   'balanced-match': [ '1.0.2' ],
16 silly audit   'base64-js': [ '1.5.1' ],
16 silly audit   'bcrypt-pbkdf': [ '1.0.2' ],
16 silly audit   bcryptjs: [ '2.4.3' ],
16 silly audit   'bignumber.js': [ '9.3.1' ],
16 silly audit   bluebird: [ '3.7.2' ],
16 silly audit   'body-parser': [ '1.20.4' ],
16 silly audit   bowser: [ '2.14.1' ],
16 silly audit   'brace-expansion': [ '1.1.14' ],
16 silly audit   bson: [ '6.10.4' ],
16 silly audit   'buffer-equal-constant-time': [ '1.0.1' ],
16 silly audit   'buffer-from': [ '1.1.2' ],
16 silly audit   busboy: [ '1.6.0' ],
16 silly audit   bytes: [ '3.1.2' ],
16 silly audit   'call-bind-apply-helpers': [ '1.0.2' ],
16 silly audit   'call-bound': [ '1.0.4' ],
16 silly audit   callsites: [ '3.1.0' ],
16 silly audit   caseless: [ '0.12.0' ],
16 silly audit   chalk: [ '4.1.2' ],
16 silly audit   'color-convert': [ '2.0.1' ],
16 silly audit   'color-name': [ '1.1.4' ],
16 silly audit   'combined-stream': [ '1.0.8' ],
16 silly audit   'concat-map': [ '0.0.1' ],
16 silly audit   'concat-stream': [ '1.6.2' ],
16 silly audit   'content-disposition': [ '0.5.4' ],
16 silly audit   'content-type': [ '1.0.5' ],
16 silly audit   cookie: [ '0.7.2' ],
16 silly audit   'cookie-parser': [ '1.4.7' ],
16 silly audit   'cookie-signature': [ '1.0.6' ],
16 silly audit   'core-util-is': [ '1.0.3', '1.0.2' ],
16 silly audit   cors: [ '2.8.6' ],
16 silly audit   'cross-spawn': [ '7.0.6' ],
16 silly audit   dashdash: [ '1.14.1' ],
16 silly audit   dayjs: [ '1.11.20' ],
16 silly audit   'deep-is': [ '0.1.4' ],
16 silly audit   'delayed-stream': [ '1.0.0' ],
16 silly audit   depd: [ '2.0.0' ],
16 silly audit   destroy: [ '1.2.0' ],
16 silly audit   doctrine: [ '3.0.0' ],
16 silly audit   dotenv: [ '16.6.1' ],
16 silly audit   'dunder-proto': [ '1.0.1' ],
16 silly audit   'ecc-jsbn': [ '0.1.2' ],
16 silly audit   'ecdsa-sig-formatter': [ '1.0.11' ],
16 silly audit   'ee-first': [ '1.1.1' ],
16 silly audit   encodeurl: [ '2.0.0' ],
16 silly audit   'es-define-property': [ '1.0.1' ],
16 silly audit   'es-errors': [ '1.3.0' ],
16 silly audit   'es-object-atoms': [ '1.1.1' ],
16 silly audit   'es-set-tostringtag': [ '2.1.0' ],
16 silly audit   'escape-html': [ '1.0.3' ],
16 silly audit   'escape-string-regexp': [ '4.0.0' ],
16 silly audit   eslint: [ '8.57.1' ],
16 silly audit   'eslint-scope': [ '7.2.2' ],
16 silly audit   'eslint-visitor-keys': [ '3.4.3' ],
16 silly audit   espree: [ '9.6.1' ],
16 silly audit   esquery: [ '1.7.0' ],
16 silly audit   esrecurse: [ '4.3.0' ],
16 silly audit   estraverse: [ '5.3.0' ],
16 silly audit   esutils: [ '2.0.3' ],
16 silly audit   etag: [ '1.8.1' ],
16 silly audit   express: [ '4.22.1' ],
16 silly audit   'express-validator': [ '7.3.2' ],
16 silly audit   extend: [ '3.0.2' ],
16 silly audit   extsprintf: [ '1.3.0' ],
16 silly audit   'fast-deep-equal': [ '3.1.3' ],
16 silly audit   'fast-json-stable-stringify': [ '2.1.0' ],
16 silly audit   'fast-levenshtein': [ '2.0.6' ],
16 silly audit   'fast-xml-builder': [ '1.1.5' ],
16 silly audit   'fast-xml-parser': [ '5.7.1' ],
16 silly audit   fastq: [ '1.20.1' ],
16 silly audit   'file-entry-cache': [ '6.0.1' ],
16 silly audit   finalhandler: [ '1.3.2' ],
16 silly audit   'find-up': [ '5.0.0' ],
16 silly audit   'flat-cache': [ '3.2.0' ],
16 silly audit   flatted: [ '3.4.2' ],
16 silly audit   'follow-redirects': [ '1.16.0' ],
16 silly audit   'forever-agent': [ '0.6.1' ],
16 silly audit   forwarded: [ '0.2.0' ],
16 silly audit   fresh: [ '0.5.2' ],
16 silly audit   'fs.realpath': [ '1.0.0' ],
16 silly audit   'function-bind': [ '1.1.2' ],
16 silly audit   gaxios: [ '6.7.1' ],
16 silly audit   'gcp-metadata': [ '6.1.1' ],
16 silly audit   'get-intrinsic': [ '1.3.0' ],
16 silly audit   'get-proto': [ '1.0.1' ],
16 silly audit   getpass: [ '0.1.7' ],
16 silly audit   glob: [ '7.2.3' ],
16 silly audit   'glob-parent': [ '6.0.2' ],
16 silly audit   globals: [ '13.24.0' ],
16 silly audit   'google-auth-library': [ '9.15.1' ],
16 silly audit   'google-logging-utils': [ '0.0.2' ],
16 silly audit   gopd: [ '1.2.0' ],
16 silly audit   graphemer: [ '1.4.0' ],
16 silly audit   gtoken: [ '7.1.0' ],
16 silly audit   'har-schema': [ '2.0.0' ],
16 silly audit   'har-validator': [ '5.1.5' ],
16 silly audit   'has-flag': [ '4.0.0' ],
16 silly audit   'has-symbols': [ '1.1.0' ],
16 silly audit   'has-tostringtag': [ '1.0.2' ],
16 silly audit   hasown: [ '2.0.3' ],
16 silly audit   'http-errors': [ '2.0.1' ],
16 silly audit   'http-signature': [ '1.2.0' ],
16 silly audit   'https-proxy-agent': [ '7.0.6', '5.0.1' ],
16 silly audit   'iconv-lite': [ '0.4.24' ],
16 silly audit   ignore: [ '5.3.2' ],
16 silly audit   'import-fresh': [ '3.3.1' ],
16 silly audit   imurmurhash: [ '0.1.4' ],
16 silly audit   inflight: [ '1.0.6' ],
16 silly audit   inherits: [ '2.0.4' ],
16 silly audit   'ipaddr.js': [ '1.9.1' ],
16 silly audit   'is-extglob': [ '2.1.1' ],
16 silly audit   'is-glob': [ '4.0.3' ],
16 silly audit   'is-path-inside': [ '3.0.3' ],
16 silly audit   'is-stream': [ '2.0.1' ],
16 silly audit   'is-typedarray': [ '1.0.0' ],
16 silly audit   isarray: [ '1.0.0' ],
16 silly audit   isexe: [ '2.0.0' ],
16 silly audit   isstream: [ '0.1.2' ],
16 silly audit   'js-yaml': [ '4.1.1' ],
16 silly audit   jsbn: [ '0.1.1' ],
16 silly audit   'json-bigint': [ '1.0.0' ],
16 silly audit   'json-buffer': [ '3.0.1' ],
16 silly audit   'json-schema': [ '0.4.0' ],
16 silly audit   'json-schema-traverse': [ '0.4.1' ],
16 silly audit   'json-stable-stringify-without-jsonify': [ '1.0.1' ],
16 silly audit   'json-stringify-safe': [ '5.0.1' ],
16 silly audit   jsonwebtoken: [ '9.0.3' ],
16 silly audit   jsprim: [ '1.4.2' ],
16 silly audit   jwa: [ '2.0.1' ],
16 silly audit   jws: [ '4.0.1' ],
16 silly audit   kareem: [ '2.6.3' ],
16 silly audit   keyv: [ '4.5.4' ],
16 silly audit   levn: [ '0.4.1' ],
16 silly audit   'locate-path': [ '6.0.0' ],
16 silly audit   lodash: [ '4.18.1' ],
16 silly audit   'lodash.includes': [ '4.3.0' ],
16 silly audit   'lodash.isboolean': [ '3.0.3' ],
16 silly audit   'lodash.isinteger': [ '4.0.4' ],
16 silly audit   'lodash.isnumber': [ '3.0.3' ],
16 silly audit   'lodash.isplainobject': [ '4.0.6' ],
16 silly audit   'lodash.isstring': [ '4.0.1' ],
16 silly audit   'lodash.merge': [ '4.6.2' ],
16 silly audit   'lodash.once': [ '4.1.1' ],
16 silly audit   'math-intrinsics': [ '1.1.0' ],
16 silly audit   'media-typer': [ '0.3.0' ],
16 silly audit   'memory-pager': [ '1.5.0' ],
16 silly audit   'merge-descriptors': [ '1.0.3' ],
16 silly audit   methods: [ '1.1.2' ],
16 silly audit   mime: [ '1.6.0' ],
16 silly audit   'mime-db': [ '1.52.0' ],
16 silly audit   'mime-types': [ '2.1.35' ],
16 silly audit   minimatch: [ '3.1.5' ],
16 silly audit   minimist: [ '1.2.8' ],
16 silly audit   mkdirp: [ '0.5.6' ],
16 silly audit   'mongodb-connection-string-url': [ '3.0.2' ],
16 silly audit   tr46: [ '5.1.1', '0.0.3' ],
16 silly audit   'webidl-conversions': [ '7.0.0', '3.0.1' ],
16 silly audit   'whatwg-url': [ '14.2.0', '5.0.0' ],
16 silly audit   mongoose: [ '8.23.1' ],
16 silly audit   mongodb: [ '6.20.0' ],
16 silly audit   mpath: [ '0.9.0' ],
16 silly audit   mquery: [ '5.0.0' ],
16 silly audit   multer: [ '1.4.5-lts.2' ],
16 silly audit   'natural-compare': [ '1.4.0' ],
16 silly audit   negotiator: [ '0.6.3' ],
16 silly audit   'node-fetch': [ '2.7.0' ],
16 silly audit   'oauth-sign': [ '0.9.0' ],
16 silly audit   'object-assign': [ '4.1.1' ],
16 silly audit   'object-inspect': [ '1.13.4' ],
16 silly audit   'on-finished': [ '2.4.1' ],
16 silly audit   once: [ '1.4.0' ],
16 silly audit   optionator: [ '0.9.4' ],
16 silly audit   'p-limit': [ '3.1.0' ],
16 silly audit   'p-locate': [ '5.0.0' ],
16 silly audit   'parent-module': [ '1.0.1' ],
16 silly audit   parseurl: [ '1.3.3' ],
16 silly audit   'path-exists': [ '4.0.0' ],
16 silly audit   'path-expression-matcher': [ '1.5.0' ],
16 silly audit   'path-is-absolute': [ '1.0.1' ],
16 silly audit   'path-key': [ '3.1.1' ],
16 silly audit   'path-to-regexp': [ '0.1.13' ],
16 silly audit   'performance-now': [ '2.1.0' ],
16 silly audit   'prelude-ls': [ '1.2.1' ],
16 silly audit   'process-nextick-args': [ '2.0.1' ],
16 silly audit   'proxy-addr': [ '2.0.7' ],
16 silly audit   'proxy-from-env': [ '2.1.0' ],
16 silly audit   psl: [ '1.15.0' ],
16 silly audit   punycode: [ '2.3.1' ],
16 silly audit   qs: [ '6.14.2', '6.5.5' ],
16 silly audit   'queue-microtask': [ '1.2.3' ],
16 silly audit   'range-parser': [ '1.2.1' ],
16 silly audit   'raw-body': [ '2.5.3' ],
16 silly audit   'readable-stream': [ '2.3.8' ],
16 silly audit   'safe-buffer': [ '5.1.2', '5.2.1' ],
16 silly audit   request: [ '2.88.2' ],
16 silly audit   uuid: [ '3.4.0', '9.0.1' ],
16 silly audit   'resolve-from': [ '4.0.0' ],
16 silly audit   reusify: [ '1.1.0' ],
16 silly audit   rewire: [ '7.0.0' ],
16 silly audit   rimraf: [ '3.0.2' ],
16 silly audit   'run-parallel': [ '1.2.0' ],
16 silly audit   'safer-buffer': [ '2.1.2' ],
16 silly audit   scmp: [ '2.1.0' ],
16 silly audit   semver: [ '7.7.4' ],
16 silly audit   send: [ '0.19.2' ],
16 silly audit   'serve-static': [ '1.16.3' ],
16 silly audit   setprototypeof: [ '1.2.0' ],
16 silly audit   'shebang-command': [ '2.0.0' ],
16 silly audit   'shebang-regex': [ '3.0.0' ],
16 silly audit   'side-channel': [ '1.1.0' ],
16 silly audit   'side-channel-list': [ '1.0.1' ],
16 silly audit   'side-channel-map': [ '1.0.1' ],
16 silly audit   'side-channel-weakmap': [ '1.0.2' ],
16 silly audit   sift: [ '17.1.3' ],
16 silly audit   'sparse-bitfield': [ '3.0.3' ],
16 silly audit   sshpk: [ '1.18.0' ],
16 silly audit   statuses: [ '2.0.2' ],
16 silly audit   streamsearch: [ '1.1.0' ],
16 silly audit   string_decoder: [ '1.1.1' ],
16 silly audit   'strip-ansi': [ '6.0.1' ],
16 silly audit   'strip-json-comments': [ '3.1.1' ],
16 silly audit   stripe: [ '22.1.0' ],
16 silly audit   strnum: [ '2.2.3' ],
16 silly audit   'supports-color': [ '7.2.0' ],
16 silly audit   'text-table': [ '0.2.0' ],
16 silly audit   toidentifier: [ '1.0.1' ],
16 silly audit   'tough-cookie': [ '2.5.0' ],
16 silly audit   tslib: [ '2.8.1' ],
16 silly audit   'tunnel-agent': [ '0.6.0' ],
16 silly audit   tweetnacl: [ '0.14.5' ],
16 silly audit   twilio: [ '5.13.1' ],
16 silly audit   'type-check': [ '0.4.0' ],
16 silly audit   'type-fest': [ '0.20.2' ],
16 silly audit   'type-is': [ '1.6.18' ],
16 silly audit   typedarray: [ '0.0.6' ],
16 silly audit   unpipe: [ '1.0.0' ],
16 silly audit   'uri-js': [ '4.4.1' ],
16 silly audit   'util-deprecate': [ '1.0.2' ],
16 silly audit   'utils-merge': [ '1.0.1' ],
16 silly audit   validator: [ '13.15.35' ],
16 silly audit   vary: [ '1.1.2' ],
16 silly audit   verror: [ '1.10.0' ],
16 silly audit   which: [ '2.0.2' ],
16 silly audit   'word-wrap': [ '1.2.5' ],
16 silly audit   wrappy: [ '1.0.2' ],
16 silly audit   xmlbuilder: [ '13.0.2' ],
16 silly audit   xtend: [ '4.0.2' ],
16 silly audit   'yocto-queue': [ '0.1.0' ]
16 silly audit }
17 http cache xtend@https://registry.npmjs.org/xtend/-/xtend-4.0.2.tgz 0ms (cache hit)
18 http cache yocto-queue@https://registry.npmjs.org/yocto-queue/-/yocto-queue-0.1.0.tgz 0ms (cache hit)
19 http cache wrappy@https://registry.npmjs.org/wrappy/-/wrappy-1.0.2.tgz 0ms (cache hit)
20 http cache which@https://registry.npmjs.org/which/-/which-2.0.2.tgz 0ms (cache hit)
21 http cache word-wrap@https://registry.npmjs.org/word-wrap/-/word-wrap-1.2.5.tgz 0ms (cache hit)
22 http cache xmlbuilder@https://registry.npmjs.org/xmlbuilder/-/xmlbuilder-13.0.2.tgz 0ms (cache hit)
23 http cache whatwg-url@https://registry.npmjs.org/whatwg-url/-/whatwg-url-5.0.0.tgz 0ms (cache hit)
24 http cache webidl-conversions@https://registry.npmjs.org/webidl-conversions/-/webidl-conversions-3.0.1.tgz 0ms (cache hit)
25 http cache verror@https://registry.npmjs.org/verror/-/verror-1.10.0.tgz 0ms (cache hit)
26 http cache validator@https://registry.npmjs.org/validator/-/validator-13.15.35.tgz 0ms (cache hit)
27 http cache vary@https://registry.npmjs.org/vary/-/vary-1.1.2.tgz 0ms (cache hit)
28 http cache uuid@https://registry.npmjs.org/uuid/-/uuid-9.0.1.tgz 0ms (cache hit)
29 http cache unpipe@https://registry.npmjs.org/unpipe/-/unpipe-1.0.0.tgz 0ms (cache hit)
30 http cache util-deprecate@https://registry.npmjs.org/util-deprecate/-/util-deprecate-1.0.2.tgz 0ms (cache hit)
31 http cache uri-js@https://registry.npmjs.org/uri-js/-/uri-js-4.4.1.tgz 0ms (cache hit)
32 http cache typedarray@https://registry.npmjs.org/typedarray/-/typedarray-0.0.6.tgz 0ms (cache hit)
33 http cache utils-merge@https://registry.npmjs.org/utils-merge/-/utils-merge-1.0.1.tgz 0ms (cache hit)
34 http cache twilio@https://registry.npmjs.org/twilio/-/twilio-5.13.1.tgz 0ms (cache hit)
35 http cache tunnel-agent@https://registry.npmjs.org/tunnel-agent/-/tunnel-agent-0.6.0.tgz 0ms (cache hit)
36 http cache type-is@https://registry.npmjs.org/type-is/-/type-is-1.6.18.tgz 0ms (cache hit)
37 http cache type-fest@https://registry.npmjs.org/type-fest/-/type-fest-0.20.2.tgz 0ms (cache hit)
38 http cache toidentifier@https://registry.npmjs.org/toidentifier/-/toidentifier-1.0.1.tgz 0ms (cache hit)
39 http cache tslib@https://registry.npmjs.org/tslib/-/tslib-2.8.1.tgz 0ms (cache hit)
40 http cache type-check@https://registry.npmjs.org/type-check/-/type-check-0.4.0.tgz 0ms (cache hit)
41 http cache tweetnacl@https://registry.npmjs.org/tweetnacl/-/tweetnacl-0.14.5.tgz 0ms (cache hit)
42 http cache tough-cookie@https://registry.npmjs.org/tough-cookie/-/tough-cookie-2.5.0.tgz 0ms (cache hit)
43 http cache tr46@https://registry.npmjs.org/tr46/-/tr46-0.0.3.tgz 0ms (cache hit)
44 http cache supports-color@https://registry.npmjs.org/supports-color/-/supports-color-7.2.0.tgz 0ms (cache hit)
45 http cache strnum@https://registry.npmjs.org/strnum/-/strnum-2.2.3.tgz 0ms (cache hit)
46 http cache string_decoder@https://registry.npmjs.org/string_decoder/-/string_decoder-1.1.1.tgz 0ms (cache hit)
47 http cache strip-ansi@https://registry.npmjs.org/strip-ansi/-/strip-ansi-6.0.1.tgz 0ms (cache hit)
48 http cache stripe@https://registry.npmjs.org/stripe/-/stripe-22.1.0.tgz 0ms (cache hit)
49 http cache sshpk@https://registry.npmjs.org/sshpk/-/sshpk-1.18.0.tgz 0ms (cache hit)
50 http cache sparse-bitfield@https://registry.npmjs.org/sparse-bitfield/-/sparse-bitfield-3.0.3.tgz 0ms (cache hit)
51 http cache streamsearch@https://registry.npmjs.org/streamsearch/-/streamsearch-1.1.0.tgz 0ms (cache hit)
52 http cache strip-json-comments@https://registry.npmjs.org/strip-json-comments/-/strip-json-comments-3.1.1.tgz 0ms (cache hit)
53 http cache text-table@https://registry.npmjs.org/text-table/-/text-table-0.2.0.tgz 0ms (cache hit)
54 http cache statuses@https://registry.npmjs.org/statuses/-/statuses-2.0.2.tgz 0ms (cache hit)
55 http cache side-channel-map@https://registry.npmjs.org/side-channel-map/-/side-channel-map-1.0.1.tgz 0ms (cache hit)
56 http cache sift@https://registry.npmjs.org/sift/-/sift-17.1.3.tgz 0ms (cache hit)
57 http cache side-channel-list@https://registry.npmjs.org/side-channel-list/-/side-channel-list-1.0.1.tgz 0ms (cache hit)
58 http cache side-channel-weakmap@https://registry.npmjs.org/side-channel-weakmap/-/side-channel-weakmap-1.0.2.tgz 0ms (cache hit)
59 http cache side-channel@https://registry.npmjs.org/side-channel/-/side-channel-1.1.0.tgz 0ms (cache hit)
60 http cache shebang-regex@https://registry.npmjs.org/shebang-regex/-/shebang-regex-3.0.0.tgz 0ms (cache hit)
61 http cache semver@https://registry.npmjs.org/semver/-/semver-7.7.4.tgz 0ms (cache hit)
62 http cache serve-static@https://registry.npmjs.org/serve-static/-/serve-static-1.16.3.tgz 0ms (cache hit)
63 http cache shebang-command@https://registry.npmjs.org/shebang-command/-/shebang-command-2.0.0.tgz 0ms (cache hit)
64 http cache run-parallel@https://registry.npmjs.org/run-parallel/-/run-parallel-1.2.0.tgz 0ms (cache hit)
65 http cache scmp@https://registry.npmjs.org/scmp/-/scmp-2.1.0.tgz 0ms (cache hit)
66 http cache rimraf@https://registry.npmjs.org/rimraf/-/rimraf-3.0.2.tgz 0ms (cache hit)
67 http cache send@https://registry.npmjs.org/send/-/send-0.19.2.tgz 0ms (cache hit)
68 http cache safe-buffer@https://registry.npmjs.org/safe-buffer/-/safe-buffer-5.2.1.tgz 0ms (cache hit)
69 http cache resolve-from@https://registry.npmjs.org/resolve-from/-/resolve-from-4.0.0.tgz 0ms (cache hit)
70 http cache safer-buffer@https://registry.npmjs.org/safer-buffer/-/safer-buffer-2.1.2.tgz 0ms (cache hit)
71 http cache readable-stream@https://registry.npmjs.org/readable-stream/-/readable-stream-2.3.8.tgz 0ms (cache hit)
72 http cache setprototypeof@https://registry.npmjs.org/setprototypeof/-/setprototypeof-1.2.0.tgz 0ms (cache hit)
73 http cache rewire@https://registry.npmjs.org/rewire/-/rewire-7.0.0.tgz 0ms (cache hit)
74 http cache range-parser@https://registry.npmjs.org/range-parser/-/range-parser-1.2.1.tgz 0ms (cache hit)
75 http cache request@https://registry.npmjs.org/request/-/request-2.88.2.tgz 0ms (cache hit)
76 http cache reusify@https://registry.npmjs.org/reusify/-/reusify-1.1.0.tgz 0ms (cache hit)
77 http cache punycode@https://registry.npmjs.org/punycode/-/punycode-2.3.1.tgz 0ms (cache hit)
78 http cache queue-microtask@https://registry.npmjs.org/queue-microtask/-/queue-microtask-1.2.3.tgz 0ms (cache hit)
79 http cache raw-body@https://registry.npmjs.org/raw-body/-/raw-body-2.5.3.tgz 0ms (cache hit)
80 http cache psl@https://registry.npmjs.org/psl/-/psl-1.15.0.tgz 0ms (cache hit)
81 http cache qs@https://registry.npmjs.org/qs/-/qs-6.14.2.tgz 0ms (cache hit)
82 http cache process-nextick-args@https://registry.npmjs.org/process-nextick-args/-/process-nextick-args-2.0.1.tgz 0ms (cache hit)
83 http cache proxy-addr@https://registry.npmjs.org/proxy-addr/-/proxy-addr-2.0.7.tgz 0ms (cache hit)
84 http cache performance-now@https://registry.npmjs.org/performance-now/-/performance-now-2.1.0.tgz 0ms (cache hit)
85 http cache proxy-from-env@https://registry.npmjs.org/proxy-from-env/-/proxy-from-env-2.1.0.tgz 0ms (cache hit)
86 http cache path-expression-matcher@https://registry.npmjs.org/path-expression-matcher/-/path-expression-matcher-1.5.0.tgz 0ms (cache hit)
87 http cache prelude-ls@https://registry.npmjs.org/prelude-ls/-/prelude-ls-1.2.1.tgz 0ms (cache hit)
88 http cache path-key@https://registry.npmjs.org/path-key/-/path-key-3.1.1.tgz 0ms (cache hit)
89 http cache path-is-absolute@https://registry.npmjs.org/path-is-absolute/-/path-is-absolute-1.0.1.tgz 0ms (cache hit)
90 http cache p-locate@https://registry.npmjs.org/p-locate/-/p-locate-5.0.0.tgz 0ms (cache hit)
91 http cache path-exists@https://registry.npmjs.org/path-exists/-/path-exists-4.0.0.tgz 0ms (cache hit)
92 http cache parseurl@https://registry.npmjs.org/parseurl/-/parseurl-1.3.3.tgz 0ms (cache hit)
93 http cache parent-module@https://registry.npmjs.org/parent-module/-/parent-module-1.0.1.tgz 0ms (cache hit)
94 http cache p-limit@https://registry.npmjs.org/p-limit/-/p-limit-3.1.0.tgz 0ms (cache hit)
95 http cache once@https://registry.npmjs.org/once/-/once-1.4.0.tgz 0ms (cache hit)
96 http cache path-to-regexp@https://registry.npmjs.org/path-to-regexp/-/path-to-regexp-0.1.13.tgz 0ms (cache hit)
97 http cache optionator@https://registry.npmjs.org/optionator/-/optionator-0.9.4.tgz 0ms (cache hit)
98 http cache on-finished@https://registry.npmjs.org/on-finished/-/on-finished-2.4.1.tgz 0ms (cache hit)
99 http cache object-inspect@https://registry.npmjs.org/object-inspect/-/object-inspect-1.13.4.tgz 0ms (cache hit)
100 http cache object-assign@https://registry.npmjs.org/object-assign/-/object-assign-4.1.1.tgz 0ms (cache hit)
101 http cache oauth-sign@https://registry.npmjs.org/oauth-sign/-/oauth-sign-0.9.0.tgz 0ms (cache hit)
102 http cache multer@https://registry.npmjs.org/multer/-/multer-1.4.5-lts.2.tgz 0ms (cache hit)
103 http cache ms@https://registry.npmjs.org/ms/-/ms-2.0.0.tgz 0ms (cache hit)
104 http cache negotiator@https://registry.npmjs.org/negotiator/-/negotiator-0.6.3.tgz 0ms (cache hit)
105 http cache mquery@https://registry.npmjs.org/mquery/-/mquery-5.0.0.tgz 0ms (cache hit)
106 http cache mpath@https://registry.npmjs.org/mpath/-/mpath-0.9.0.tgz 0ms (cache hit)
107 http cache node-fetch@https://registry.npmjs.org/node-fetch/-/node-fetch-2.7.0.tgz 0ms (cache hit)
108 http cache mongodb-connection-string-url@https://registry.npmjs.org/mongodb-connection-string-url/-/mongodb-connection-string-url-3.0.2.tgz 0ms (cache hit)
109 http cache minimatch@https://registry.npmjs.org/minimatch/-/minimatch-3.1.5.tgz 0ms (cache hit)
110 http cache minimist@https://registry.npmjs.org/minimist/-/minimist-1.2.8.tgz 0ms (cache hit)
111 http cache mongoose@https://registry.npmjs.org/mongoose/-/mongoose-8.23.1.tgz 0ms (cache hit)
112 http cache mime-db@https://registry.npmjs.org/mime-db/-/mime-db-1.52.0.tgz 0ms (cache hit)
113 http cache mime-types@https://registry.npmjs.org/mime-types/-/mime-types-2.1.35.tgz 0ms (cache hit)
114 http cache mime@https://registry.npmjs.org/mime/-/mime-1.6.0.tgz 0ms (cache hit)
115 http cache natural-compare@https://registry.npmjs.org/natural-compare/-/natural-compare-1.4.0.tgz 0ms (cache hit)
116 http cache methods@https://registry.npmjs.org/methods/-/methods-1.1.2.tgz 0ms (cache hit)
117 http cache merge-descriptors@https://registry.npmjs.org/merge-descriptors/-/merge-descriptors-1.0.3.tgz 0ms (cache hit)
118 http cache math-intrinsics@https://registry.npmjs.org/math-intrinsics/-/math-intrinsics-1.1.0.tgz 0ms (cache hit)
119 http cache memory-pager@https://registry.npmjs.org/memory-pager/-/memory-pager-1.5.0.tgz 0ms (cache hit)
120 http cache media-typer@https://registry.npmjs.org/media-typer/-/media-typer-0.3.0.tgz 0ms (cache hit)
121 http cache lodash.once@https://registry.npmjs.org/lodash.once/-/lodash.once-4.1.1.tgz 0ms (cache hit)
122 http cache mkdirp@https://registry.npmjs.org/mkdirp/-/mkdirp-0.5.6.tgz 0ms (cache hit)
123 http cache lodash.isplainobject@https://registry.npmjs.org/lodash.isplainobject/-/lodash.isplainobject-4.0.6.tgz 0ms (cache hit)
124 http cache lodash.isnumber@https://registry.npmjs.org/lodash.isnumber/-/lodash.isnumber-3.0.3.tgz 0ms (cache hit)
125 http cache lodash.isboolean@https://registry.npmjs.org/lodash.isboolean/-/lodash.isboolean-3.0.3.tgz 0ms (cache hit)
126 http cache lodash.merge@https://registry.npmjs.org/lodash.merge/-/lodash.merge-4.6.2.tgz 0ms (cache hit)
127 http cache lodash.isinteger@https://registry.npmjs.org/lodash.isinteger/-/lodash.isinteger-4.0.4.tgz 0ms (cache hit)
128 http cache lodash.isstring@https://registry.npmjs.org/lodash.isstring/-/lodash.isstring-4.0.1.tgz 0ms (cache hit)
129 http cache lodash.includes@https://registry.npmjs.org/lodash.includes/-/lodash.includes-4.3.0.tgz 0ms (cache hit)
130 http cache lodash@https://registry.npmjs.org/lodash/-/lodash-4.18.1.tgz 0ms (cache hit)
131 http cache levn@https://registry.npmjs.org/levn/-/levn-0.4.1.tgz 0ms (cache hit)
132 http cache kareem@https://registry.npmjs.org/kareem/-/kareem-2.6.3.tgz 0ms (cache hit)
133 http cache locate-path@https://registry.npmjs.org/locate-path/-/locate-path-6.0.0.tgz 0ms (cache hit)
134 http cache keyv@https://registry.npmjs.org/keyv/-/keyv-4.5.4.tgz 0ms (cache hit)
135 http cache jws@https://registry.npmjs.org/jws/-/jws-4.0.1.tgz 0ms (cache hit)
136 http cache jsprim@https://registry.npmjs.org/jsprim/-/jsprim-1.4.2.tgz 0ms (cache hit)
137 http cache jsonwebtoken@https://registry.npmjs.org/jsonwebtoken/-/jsonwebtoken-9.0.3.tgz 0ms (cache hit)
138 http cache jwa@https://registry.npmjs.org/jwa/-/jwa-2.0.1.tgz 0ms (cache hit)
139 http cache js-yaml@https://registry.npmjs.org/js-yaml/-/js-yaml-4.1.1.tgz 0ms (cache hit)
140 http cache json-schema-traverse@https://registry.npmjs.org/json-schema-traverse/-/json-schema-traverse-0.4.1.tgz 0ms (cache hit)
141 http cache json-stable-stringify-without-jsonify@https://registry.npmjs.org/json-stable-stringify-without-jsonify/-/json-stable-stringify-without-jsonify-1.0.1.tgz 0ms (cache hit)
142 http cache json-stringify-safe@https://registry.npmjs.org/json-stringify-safe/-/json-stringify-safe-5.0.1.tgz 0ms (cache hit)
143 http cache jsbn@https://registry.npmjs.org/jsbn/-/jsbn-0.1.1.tgz 0ms (cache hit)
144 http cache json-bigint@https://registry.npmjs.org/json-bigint/-/json-bigint-1.0.0.tgz 0ms (cache hit)
145 http cache isstream@https://registry.npmjs.org/isstream/-/isstream-0.1.2.tgz 0ms (cache hit)
146 http cache isexe@https://registry.npmjs.org/isexe/-/isexe-2.0.0.tgz 0ms (cache hit)
147 http cache json-schema@https://registry.npmjs.org/json-schema/-/json-schema-0.4.0.tgz 0ms (cache hit)
148 http cache is-typedarray@https://registry.npmjs.org/is-typedarray/-/is-typedarray-1.0.0.tgz 0ms (cache hit)
149 http cache json-buffer@https://registry.npmjs.org/json-buffer/-/json-buffer-3.0.1.tgz 0ms (cache hit)
150 http cache isarray@https://registry.npmjs.org/isarray/-/isarray-1.0.0.tgz 0ms (cache hit)
151 http cache is-stream@https://registry.npmjs.org/is-stream/-/is-stream-2.0.1.tgz 0ms (cache hit)
152 http cache is-extglob@https://registry.npmjs.org/is-extglob/-/is-extglob-2.1.1.tgz 0ms (cache hit)
153 http cache is-glob@https://registry.npmjs.org/is-glob/-/is-glob-4.0.3.tgz 0ms (cache hit)
154 http cache import-fresh@https://registry.npmjs.org/import-fresh/-/import-fresh-3.3.1.tgz 0ms (cache hit)
155 http cache inflight@https://registry.npmjs.org/inflight/-/inflight-1.0.6.tgz 0ms (cache hit)
156 http cache is-path-inside@https://registry.npmjs.org/is-path-inside/-/is-path-inside-3.0.3.tgz 0ms (cache hit)
157 http cache ipaddr.js@https://registry.npmjs.org/ipaddr.js/-/ipaddr.js-1.9.1.tgz 0ms (cache hit)
158 http cache inherits@https://registry.npmjs.org/inherits/-/inherits-2.0.4.tgz 0ms (cache hit)
159 http cache ignore@https://registry.npmjs.org/ignore/-/ignore-5.3.2.tgz 0ms (cache hit)
160 http cache http-signature@https://registry.npmjs.org/http-signature/-/http-signature-1.2.0.tgz 0ms (cache hit)
161 http cache imurmurhash@https://registry.npmjs.org/imurmurhash/-/imurmurhash-0.1.4.tgz 0ms (cache hit)
162 http cache https-proxy-agent@https://registry.npmjs.org/https-proxy-agent/-/https-proxy-agent-7.0.6.tgz 0ms (cache hit)
163 http cache iconv-lite@https://registry.npmjs.org/iconv-lite/-/iconv-lite-0.4.24.tgz 0ms (cache hit)
164 http cache has-symbols@https://registry.npmjs.org/has-symbols/-/has-symbols-1.1.0.tgz 0ms (cache hit)
165 http cache has-tostringtag@https://registry.npmjs.org/has-tostringtag/-/has-tostringtag-1.0.2.tgz 0ms (cache hit)
166 http cache http-errors@https://registry.npmjs.org/http-errors/-/http-errors-2.0.1.tgz 0ms (cache hit)
167 http cache has-flag@https://registry.npmjs.org/has-flag/-/has-flag-4.0.0.tgz 0ms (cache hit)
168 http cache har-validator@https://registry.npmjs.org/har-validator/-/har-validator-5.1.5.tgz 0ms (cache hit)
169 http cache gtoken@https://registry.npmjs.org/gtoken/-/gtoken-7.1.0.tgz 0ms (cache hit)
170 http cache hasown@https://registry.npmjs.org/hasown/-/hasown-2.0.3.tgz 0ms (cache hit)
171 http cache graphemer@https://registry.npmjs.org/graphemer/-/graphemer-1.4.0.tgz 0ms (cache hit)
172 http cache gopd@https://registry.npmjs.org/gopd/-/gopd-1.2.0.tgz 0ms (cache hit)
173 http cache har-schema@https://registry.npmjs.org/har-schema/-/har-schema-2.0.0.tgz 0ms (cache hit)
174 http cache google-auth-library@https://registry.npmjs.org/google-auth-library/-/google-auth-library-9.15.1.tgz 0ms (cache hit)
175 http cache globals@https://registry.npmjs.org/globals/-/globals-13.24.0.tgz 0ms (cache hit)
176 http cache get-proto@https://registry.npmjs.org/get-proto/-/get-proto-1.0.1.tgz 0ms (cache hit)
177 http cache getpass@https://registry.npmjs.org/getpass/-/getpass-0.1.7.tgz 0ms (cache hit)
178 http cache get-intrinsic@https://registry.npmjs.org/get-intrinsic/-/get-intrinsic-1.3.0.tgz 0ms (cache hit)
179 http cache glob-parent@https://registry.npmjs.org/glob-parent/-/glob-parent-6.0.2.tgz 0ms (cache hit)
180 http cache gcp-metadata@https://registry.npmjs.org/gcp-metadata/-/gcp-metadata-6.1.1.tgz 0ms (cache hit)
181 http cache function-bind@https://registry.npmjs.org/function-bind/-/function-bind-1.1.2.tgz 0ms (cache hit)
182 http cache glob@https://registry.npmjs.org/glob/-/glob-7.2.3.tgz 0ms (cache hit)
183 http cache fs.realpath@https://registry.npmjs.org/fs.realpath/-/fs.realpath-1.0.0.tgz 0ms (cache hit)
184 http cache fresh@https://registry.npmjs.org/fresh/-/fresh-0.5.2.tgz 0ms (cache hit)
185 http cache google-logging-utils@https://registry.npmjs.org/google-logging-utils/-/google-logging-utils-0.0.2.tgz 0ms (cache hit)
186 http cache follow-redirects@https://registry.npmjs.org/follow-redirects/-/follow-redirects-1.16.0.tgz 0ms (cache hit)
187 http cache gaxios@https://registry.npmjs.org/gaxios/-/gaxios-6.7.1.tgz 0ms (cache hit)
188 http cache forwarded@https://registry.npmjs.org/forwarded/-/forwarded-0.2.0.tgz 0ms (cache hit)
189 http cache finalhandler@https://registry.npmjs.org/finalhandler/-/finalhandler-1.3.2.tgz 0ms (cache hit)
190 http cache find-up@https://registry.npmjs.org/find-up/-/find-up-5.0.0.tgz 0ms (cache hit)
191 http cache flatted@https://registry.npmjs.org/flatted/-/flatted-3.4.2.tgz 0ms (cache hit)
192 http cache file-entry-cache@https://registry.npmjs.org/file-entry-cache/-/file-entry-cache-6.0.1.tgz 0ms (cache hit)
193 http cache form-data@https://registry.npmjs.org/form-data/-/form-data-2.3.3.tgz 0ms (cache hit)
194 http cache forever-agent@https://registry.npmjs.org/forever-agent/-/forever-agent-0.6.1.tgz 0ms (cache hit)
195 http cache fast-xml-builder@https://registry.npmjs.org/fast-xml-builder/-/fast-xml-builder-1.1.5.tgz 0ms (cache hit)
196 http cache fast-xml-parser@https://registry.npmjs.org/fast-xml-parser/-/fast-xml-parser-5.7.1.tgz 0ms (cache hit)
197 http cache flat-cache@https://registry.npmjs.org/flat-cache/-/flat-cache-3.2.0.tgz 0ms (cache hit)
198 http cache fastq@https://registry.npmjs.org/fastq/-/fastq-1.20.1.tgz 0ms (cache hit)
199 http cache fast-levenshtein@https://registry.npmjs.org/fast-levenshtein/-/fast-levenshtein-2.0.6.tgz 0ms (cache hit)
200 http cache fast-deep-equal@https://registry.npmjs.org/fast-deep-equal/-/fast-deep-equal-3.1.3.tgz 0ms (cache hit)
201 http cache extend@https://registry.npmjs.org/extend/-/extend-3.0.2.tgz 0ms (cache hit)
202 http cache etag@https://registry.npmjs.org/etag/-/etag-1.8.1.tgz 0ms (cache hit)
203 http cache express@https://registry.npmjs.org/express/-/express-4.22.1.tgz 0ms (cache hit)
204 http cache esutils@https://registry.npmjs.org/esutils/-/esutils-2.0.3.tgz 0ms (cache hit)
205 http cache express-validator@https://registry.npmjs.org/express-validator/-/express-validator-7.3.2.tgz 0ms (cache hit)
206 http cache fast-json-stable-stringify@https://registry.npmjs.org/fast-json-stable-stringify/-/fast-json-stable-stringify-2.1.0.tgz 0ms (cache hit)
207 http cache extsprintf@https://registry.npmjs.org/extsprintf/-/extsprintf-1.3.0.tgz 0ms (cache hit)
208 http cache esrecurse@https://registry.npmjs.org/esrecurse/-/esrecurse-4.3.0.tgz 0ms (cache hit)
209 http cache eslint-visitor-keys@https://registry.npmjs.org/eslint-visitor-keys/-/eslint-visitor-keys-3.4.3.tgz 0ms (cache hit)
210 http cache espree@https://registry.npmjs.org/espree/-/espree-9.6.1.tgz 0ms (cache hit)
211 http cache esquery@https://registry.npmjs.org/esquery/-/esquery-1.7.0.tgz 0ms (cache hit)
212 http cache eslint@https://registry.npmjs.org/eslint/-/eslint-8.57.1.tgz 0ms (cache hit)
213 http cache escape-string-regexp@https://registry.npmjs.org/escape-string-regexp/-/escape-string-regexp-4.0.0.tgz 0ms (cache hit)
214 http cache escape-html@https://registry.npmjs.org/escape-html/-/escape-html-1.0.3.tgz 0ms (cache hit)
215 http cache eslint-scope@https://registry.npmjs.org/eslint-scope/-/eslint-scope-7.2.2.tgz 0ms (cache hit)
216 http cache estraverse@https://registry.npmjs.org/estraverse/-/estraverse-5.3.0.tgz 0ms (cache hit)
217 http cache es-object-atoms@https://registry.npmjs.org/es-object-atoms/-/es-object-atoms-1.1.1.tgz 0ms (cache hit)
218 http cache es-define-property@https://registry.npmjs.org/es-define-property/-/es-define-property-1.0.1.tgz 0ms (cache hit)
219 http cache es-errors@https://registry.npmjs.org/es-errors/-/es-errors-1.3.0.tgz 0ms (cache hit)
220 http cache es-set-tostringtag@https://registry.npmjs.org/es-set-tostringtag/-/es-set-tostringtag-2.1.0.tgz 0ms (cache hit)
221 http cache dunder-proto@https://registry.npmjs.org/dunder-proto/-/dunder-proto-1.0.1.tgz 0ms (cache hit)
222 http cache ecdsa-sig-formatter@https://registry.npmjs.org/ecdsa-sig-formatter/-/ecdsa-sig-formatter-1.0.11.tgz 0ms (cache hit)
223 http cache ee-first@https://registry.npmjs.org/ee-first/-/ee-first-1.1.1.tgz 0ms (cache hit)
224 http cache ecc-jsbn@https://registry.npmjs.org/ecc-jsbn/-/ecc-jsbn-0.1.2.tgz 0ms (cache hit)
225 http cache doctrine@https://registry.npmjs.org/doctrine/-/doctrine-3.0.0.tgz 0ms (cache hit)
226 http cache encodeurl@https://registry.npmjs.org/encodeurl/-/encodeurl-2.0.0.tgz 0ms (cache hit)
227 http cache depd@https://registry.npmjs.org/depd/-/depd-2.0.0.tgz 0ms (cache hit)
228 http cache destroy@https://registry.npmjs.org/destroy/-/destroy-1.2.0.tgz 0ms (cache hit)
229 http cache deep-is@https://registry.npmjs.org/deep-is/-/deep-is-0.1.4.tgz 0ms (cache hit)
230 http cache dotenv@https://registry.npmjs.org/dotenv/-/dotenv-16.6.1.tgz 0ms (cache hit)
231 http cache delayed-stream@https://registry.npmjs.org/delayed-stream/-/delayed-stream-1.0.0.tgz 0ms (cache hit)
232 http cache cross-spawn@https://registry.npmjs.org/cross-spawn/-/cross-spawn-7.0.6.tgz 0ms (cache hit)
233 http cache dayjs@https://registry.npmjs.org/dayjs/-/dayjs-1.11.20.tgz 0ms (cache hit)
234 http cache cors@https://registry.npmjs.org/cors/-/cors-2.8.6.tgz 0ms (cache hit)
235 http cache dashdash@https://registry.npmjs.org/dashdash/-/dashdash-1.14.1.tgz 0ms (cache hit)
236 http cache cookie-signature@https://registry.npmjs.org/cookie-signature/-/cookie-signature-1.0.6.tgz 0ms (cache hit)
237 http cache core-util-is@https://registry.npmjs.org/core-util-is/-/core-util-is-1.0.3.tgz 0ms (cache hit)
238 http cache cookie@https://registry.npmjs.org/cookie/-/cookie-0.7.2.tgz 0ms (cache hit)
239 http cache debug@https://registry.npmjs.org/debug/-/debug-2.6.9.tgz 0ms (cache hit)
240 http cache content-type@https://registry.npmjs.org/content-type/-/content-type-1.0.5.tgz 0ms (cache hit)
241 http cache content-disposition@https://registry.npmjs.org/content-disposition/-/content-disposition-0.5.4.tgz 0ms (cache hit)
242 http cache concat-map@https://registry.npmjs.org/concat-map/-/concat-map-0.0.1.tgz 0ms (cache hit)
243 http cache combined-stream@https://registry.npmjs.org/combined-stream/-/combined-stream-1.0.8.tgz 0ms (cache hit)
244 http cache cookie-parser@https://registry.npmjs.org/cookie-parser/-/cookie-parser-1.4.7.tgz 0ms (cache hit)
245 http cache concat-stream@https://registry.npmjs.org/concat-stream/-/concat-stream-1.6.2.tgz 0ms (cache hit)
246 http cache color-name@https://registry.npmjs.org/color-name/-/color-name-1.1.4.tgz 0ms (cache hit)
247 http cache chalk@https://registry.npmjs.org/chalk/-/chalk-4.1.2.tgz 0ms (cache hit)
248 http cache color-convert@https://registry.npmjs.org/color-convert/-/color-convert-2.0.1.tgz 0ms (cache hit)
249 http cache caseless@https://registry.npmjs.org/caseless/-/caseless-0.12.0.tgz 0ms (cache hit)
250 http cache call-bound@https://registry.npmjs.org/call-bound/-/call-bound-1.0.4.tgz 0ms (cache hit)
251 http cache call-bind-apply-helpers@https://registry.npmjs.org/call-bind-apply-helpers/-/call-bind-apply-helpers-1.0.2.tgz 0ms (cache hit)
252 http cache callsites@https://registry.npmjs.org/callsites/-/callsites-3.1.0.tgz 0ms (cache hit)
253 http cache bytes@https://registry.npmjs.org/bytes/-/bytes-3.1.2.tgz 0ms (cache hit)
254 http cache bson@https://registry.npmjs.org/bson/-/bson-6.10.4.tgz 0ms (cache hit)
255 http cache busboy@https://registry.npmjs.org/busboy/-/busboy-1.6.0.tgz 0ms (cache hit)
256 http cache body-parser@https://registry.npmjs.org/body-parser/-/body-parser-1.20.4.tgz 0ms (cache hit)
257 http cache buffer-from@https://registry.npmjs.org/buffer-from/-/buffer-from-1.1.2.tgz 0ms (cache hit)
258 http cache buffer-equal-constant-time@https://registry.npmjs.org/buffer-equal-constant-time/-/buffer-equal-constant-time-1.0.1.tgz 0ms (cache hit)
259 http cache bowser@https://registry.npmjs.org/bowser/-/bowser-2.14.1.tgz 0ms (cache hit)
260 http cache bcrypt-pbkdf@https://registry.npmjs.org/bcrypt-pbkdf/-/bcrypt-pbkdf-1.0.2.tgz 0ms (cache hit)
261 http cache bluebird@https://registry.npmjs.org/bluebird/-/bluebird-3.7.2.tgz 0ms (cache hit)
262 http cache aws-sign2@https://registry.npmjs.org/aws-sign2/-/aws-sign2-0.7.0.tgz 0ms (cache hit)
263 http cache bignumber.js@https://registry.npmjs.org/bignumber.js/-/bignumber.js-9.3.1.tgz 0ms (cache hit)
264 http cache base64-js@https://registry.npmjs.org/base64-js/-/base64-js-1.5.1.tgz 0ms (cache hit)
265 http cache balanced-match@https://registry.npmjs.org/balanced-match/-/balanced-match-1.0.2.tgz 0ms (cache hit)
266 http cache bcryptjs@https://registry.npmjs.org/bcryptjs/-/bcryptjs-2.4.3.tgz 0ms (cache hit)
267 http cache aws4@https://registry.npmjs.org/aws4/-/aws4-1.13.2.tgz 0ms (cache hit)
268 http cache asynckit@https://registry.npmjs.org/asynckit/-/asynckit-0.4.0.tgz 0ms (cache hit)
269 http cache axios@https://registry.npmjs.org/axios/-/axios-1.15.2.tgz 0ms (cache hit)
270 http cache asn1@https://registry.npmjs.org/asn1/-/asn1-0.2.6.tgz 0ms (cache hit)
271 http cache assert-plus@https://registry.npmjs.org/assert-plus/-/assert-plus-1.0.0.tgz 0ms (cache hit)
272 http cache append-field@https://registry.npmjs.org/append-field/-/append-field-1.0.0.tgz 0ms (cache hit)
273 http cache array-flatten@https://registry.npmjs.org/array-flatten/-/array-flatten-1.1.1.tgz 0ms (cache hit)
274 http cache brace-expansion@https://registry.npmjs.org/brace-expansion/-/brace-expansion-1.1.14.tgz 0ms (cache hit)
275 http cache ansi-styles@https://registry.npmjs.org/ansi-styles/-/ansi-styles-4.3.0.tgz 0ms (cache hit)
276 http cache argparse@https://registry.npmjs.org/argparse/-/argparse-2.0.1.tgz 0ms (cache hit)
277 http cache acorn@https://registry.npmjs.org/acorn/-/acorn-8.16.0.tgz 0ms (cache hit)
278 http cache acorn-jsx@https://registry.npmjs.org/acorn-jsx/-/acorn-jsx-5.3.2.tgz 0ms (cache hit)
279 http cache ajv@https://registry.npmjs.org/ajv/-/ajv-6.15.0.tgz 0ms (cache hit)
280 http cache accepts@https://registry.npmjs.org/accepts/-/accepts-1.3.8.tgz 0ms (cache hit)
281 http cache agent-base@https://registry.npmjs.org/agent-base/-/agent-base-7.1.4.tgz 0ms (cache hit)
282 http cache ansi-regex@https://registry.npmjs.org/ansi-regex/-/ansi-regex-5.0.1.tgz 0ms (cache hit)
283 http cache @ungap/structured-clone@https://registry.npmjs.org/@ungap/structured-clone/-/structured-clone-1.3.0.tgz 0ms (cache hit)
284 http cache @types/webidl-conversions@https://registry.npmjs.org/@types/webidl-conversions/-/webidl-conversions-7.0.3.tgz 0ms (cache hit)
285 http cache @smithy/util-utf8@https://registry.npmjs.org/@smithy/util-utf8/-/util-utf8-4.2.2.tgz 0ms (cache hit)
286 http cache @types/whatwg-url@https://registry.npmjs.org/@types/whatwg-url/-/whatwg-url-11.0.5.tgz 0ms (cache hit)
287 http cache @smithy/util-waiter@https://registry.npmjs.org/@smithy/util-waiter/-/util-waiter-4.2.16.tgz 0ms (cache hit)
288 http cache @smithy/util-retry@https://registry.npmjs.org/@smithy/util-retry/-/util-retry-4.3.4.tgz 0ms (cache hit)
289 http cache @smithy/uuid@https://registry.npmjs.org/@smithy/uuid/-/uuid-1.1.2.tgz 0ms (cache hit)
290 http cache @smithy/util-uri-escape@https://registry.npmjs.org/@smithy/util-uri-escape/-/util-uri-escape-4.2.2.tgz 0ms (cache hit)
291 http cache @smithy/util-middleware@https://registry.npmjs.org/@smithy/util-middleware/-/util-middleware-4.2.14.tgz 0ms (cache hit)
292 http cache @smithy/util-defaults-mode-browser@https://registry.npmjs.org/@smithy/util-defaults-mode-browser/-/util-defaults-mode-browser-4.3.49.tgz 0ms (cache hit)
293 http cache @smithy/util-stream@https://registry.npmjs.org/@smithy/util-stream/-/util-stream-4.5.25.tgz 0ms (cache hit)
294 http cache @smithy/util-base64@https://registry.npmjs.org/@smithy/util-base64/-/util-base64-4.3.2.tgz 0ms (cache hit)
295 http cache @smithy/util-config-provider@https://registry.npmjs.org/@smithy/util-config-provider/-/util-config-provider-4.2.2.tgz 0ms (cache hit)
296 http cache @smithy/util-endpoints@https://registry.npmjs.org/@smithy/util-endpoints/-/util-endpoints-3.4.2.tgz 0ms (cache hit)
297 http cache @smithy/util-defaults-mode-node@https://registry.npmjs.org/@smithy/util-defaults-mode-node/-/util-defaults-mode-node-4.2.54.tgz 0ms (cache hit)
298 http cache @smithy/util-body-length-browser@https://registry.npmjs.org/@smithy/util-body-length-browser/-/util-body-length-browser-4.2.2.tgz 0ms (cache hit)
299 http cache @smithy/util-body-length-node@https://registry.npmjs.org/@smithy/util-body-length-node/-/util-body-length-node-4.2.3.tgz 0ms (cache hit)
300 http cache @smithy/util-hex-encoding@https://registry.npmjs.org/@smithy/util-hex-encoding/-/util-hex-encoding-4.2.2.tgz 0ms (cache hit)
301 http cache @smithy/url-parser@https://registry.npmjs.org/@smithy/url-parser/-/url-parser-4.2.14.tgz 0ms (cache hit)
302 http cache @smithy/types@https://registry.npmjs.org/@smithy/types/-/types-4.14.1.tgz 0ms (cache hit)
303 http cache @smithy/signature-v4@https://registry.npmjs.org/@smithy/signature-v4/-/signature-v4-5.3.14.tgz 0ms (cache hit)
304 http cache @smithy/smithy-client@https://registry.npmjs.org/@smithy/smithy-client/-/smithy-client-4.12.13.tgz 0ms (cache hit)
305 http cache @smithy/util-buffer-from@https://registry.npmjs.org/@smithy/util-buffer-from/-/util-buffer-from-4.2.2.tgz 0ms (cache hit)
306 http cache @smithy/property-provider@https://registry.npmjs.org/@smithy/property-provider/-/property-provider-4.2.14.tgz 0ms (cache hit)
307 http cache @smithy/querystring-parser@https://registry.npmjs.org/@smithy/querystring-parser/-/querystring-parser-4.2.14.tgz 0ms (cache hit)
308 http cache @smithy/shared-ini-file-loader@https://registry.npmjs.org/@smithy/shared-ini-file-loader/-/shared-ini-file-loader-4.4.9.tgz 0ms (cache hit)
309 http cache @smithy/protocol-http@https://registry.npmjs.org/@smithy/protocol-http/-/protocol-http-5.3.14.tgz 0ms (cache hit)
310 http cache @smithy/querystring-builder@https://registry.npmjs.org/@smithy/querystring-builder/-/querystring-builder-4.2.14.tgz 0ms (cache hit)
311 http cache @smithy/node-http-handler@https://registry.npmjs.org/@smithy/node-http-handler/-/node-http-handler-4.6.1.tgz 0ms (cache hit)
312 http cache @smithy/service-error-classification@https://registry.npmjs.org/@smithy/service-error-classification/-/service-error-classification-4.3.0.tgz 0ms (cache hit)
313 http cache @smithy/node-config-provider@https://registry.npmjs.org/@smithy/node-config-provider/-/node-config-provider-4.3.14.tgz 0ms (cache hit)
314 http cache @smithy/is-array-buffer@https://registry.npmjs.org/@smithy/is-array-buffer/-/is-array-buffer-4.2.2.tgz 0ms (cache hit)
315 http cache @smithy/middleware-stack@https://registry.npmjs.org/@smithy/middleware-stack/-/middleware-stack-4.2.14.tgz 0ms (cache hit)
316 http cache @smithy/middleware-content-length@https://registry.npmjs.org/@smithy/middleware-content-length/-/middleware-content-length-4.2.14.tgz 0ms (cache hit)
317 http cache @smithy/middleware-retry@https://registry.npmjs.org/@smithy/middleware-retry/-/middleware-retry-4.5.5.tgz 0ms (cache hit)
318 http cache @smithy/middleware-endpoint@https://registry.npmjs.org/@smithy/middleware-endpoint/-/middleware-endpoint-4.4.32.tgz 0ms (cache hit)
319 http cache @smithy/hash-stream-node@https://registry.npmjs.org/@smithy/hash-stream-node/-/hash-stream-node-4.2.14.tgz 0ms (cache hit)
320 http cache @smithy/fetch-http-handler@https://registry.npmjs.org/@smithy/fetch-http-handler/-/fetch-http-handler-5.3.17.tgz 0ms (cache hit)
321 http cache @smithy/hash-blob-browser@https://registry.npmjs.org/@smithy/hash-blob-browser/-/hash-blob-browser-4.2.15.tgz 0ms (cache hit)
322 http cache @smithy/middleware-serde@https://registry.npmjs.org/@smithy/middleware-serde/-/middleware-serde-4.2.20.tgz 0ms (cache hit)
323 http cache @smithy/md5-js@https://registry.npmjs.org/@smithy/md5-js/-/md5-js-4.2.14.tgz 0ms (cache hit)
324 http cache @smithy/invalid-dependency@https://registry.npmjs.org/@smithy/invalid-dependency/-/invalid-dependency-4.2.14.tgz 0ms (cache hit)
325 http cache @smithy/hash-node@https://registry.npmjs.org/@smithy/hash-node/-/hash-node-4.2.14.tgz 0ms (cache hit)
326 http cache @smithy/eventstream-serde-browser@https://registry.npmjs.org/@smithy/eventstream-serde-browser/-/eventstream-serde-browser-4.2.14.tgz 0ms (cache hit)
327 http cache @smithy/eventstream-serde-node@https://registry.npmjs.org/@smithy/eventstream-serde-node/-/eventstream-serde-node-4.2.14.tgz 0ms (cache hit)
328 http cache @smithy/eventstream-serde-config-resolver@https://registry.npmjs.org/@smithy/eventstream-serde-config-resolver/-/eventstream-serde-config-resolver-4.3.14.tgz 0ms (cache hit)
329 http cache @smithy/eventstream-codec@https://registry.npmjs.org/@smithy/eventstream-codec/-/eventstream-codec-4.2.14.tgz 0ms (cache hit)
330 http cache @smithy/eventstream-serde-universal@https://registry.npmjs.org/@smithy/eventstream-serde-universal/-/eventstream-serde-universal-4.2.14.tgz 0ms (cache hit)
331 http cache @smithy/credential-provider-imds@https://registry.npmjs.org/@smithy/credential-provider-imds/-/credential-provider-imds-4.2.14.tgz 0ms (cache hit)
332 http cache @smithy/config-resolver@https://registry.npmjs.org/@smithy/config-resolver/-/config-resolver-4.4.17.tgz 0ms (cache hit)
333 http cache @smithy/chunked-blob-reader-native@https://registry.npmjs.org/@smithy/chunked-blob-reader-native/-/chunked-blob-reader-native-4.2.3.tgz 0ms (cache hit)
334 http cache @smithy/core@https://registry.npmjs.org/@smithy/core/-/core-3.23.17.tgz 0ms (cache hit)
335 http cache @humanwhocodes/object-schema@https://registry.npmjs.org/@humanwhocodes/object-schema/-/object-schema-2.0.3.tgz 0ms (cache hit)
336 http cache @nodelib/fs.stat@https://registry.npmjs.org/@nodelib/fs.stat/-/fs.stat-2.0.5.tgz 0ms (cache hit)
337 http cache @nodelib/fs.walk@https://registry.npmjs.org/@nodelib/fs.walk/-/fs.walk-1.2.8.tgz 0ms (cache hit)
338 http cache @nodable/entities@https://registry.npmjs.org/@nodable/entities/-/entities-2.1.0.tgz 0ms (cache hit)
339 http cache @smithy/chunked-blob-reader@https://registry.npmjs.org/@smithy/chunked-blob-reader/-/chunked-blob-reader-5.2.2.tgz 0ms (cache hit)
340 http cache @mongodb-js/saslprep@https://registry.npmjs.org/@mongodb-js/saslprep/-/saslprep-1.4.9.tgz 0ms (cache hit)
341 http cache @humanwhocodes/module-importer@https://registry.npmjs.org/@humanwhocodes/module-importer/-/module-importer-1.0.1.tgz 0ms (cache hit)
342 http cache @humanwhocodes/config-array@https://registry.npmjs.org/@humanwhocodes/config-array/-/config-array-0.13.0.tgz 0ms (cache hit)
343 http cache @nodelib/fs.scandir@https://registry.npmjs.org/@nodelib/fs.scandir/-/fs.scandir-2.1.5.tgz 0ms (cache hit)
344 http cache @eslint/js@https://registry.npmjs.org/@eslint/js/-/js-8.57.1.tgz 0ms (cache hit)
345 http cache @getbrevo/brevo@https://registry.npmjs.org/@getbrevo/brevo/-/brevo-2.5.0.tgz 0ms (cache hit)
346 http cache @eslint/eslintrc@https://registry.npmjs.org/@eslint/eslintrc/-/eslintrc-2.1.4.tgz 0ms (cache hit)
347 http cache @aws-sdk/util-locate-window@https://registry.npmjs.org/@aws-sdk/util-locate-window/-/util-locate-window-3.965.5.tgz 0ms (cache hit)
348 http cache @aws-sdk/xml-builder@https://registry.npmjs.org/@aws-sdk/xml-builder/-/xml-builder-3.972.19.tgz 0ms (cache hit)
349 http cache @eslint-community/eslint-utils@https://registry.npmjs.org/@eslint-community/eslint-utils/-/eslint-utils-4.9.1.tgz 0ms (cache hit)
350 http cache @aws-sdk/util-user-agent-node@https://registry.npmjs.org/@aws-sdk/util-user-agent-node/-/util-user-agent-node-3.973.21.tgz 0ms (cache hit)
351 http cache @aws-sdk/util-format-url@https://registry.npmjs.org/@aws-sdk/util-format-url/-/util-format-url-3.972.10.tgz 0ms (cache hit)
352 http cache @eslint-community/regexpp@https://registry.npmjs.org/@eslint-community/regexpp/-/regexpp-4.12.2.tgz 0ms (cache hit)
353 http cache @aws-sdk/util-arn-parser@https://registry.npmjs.org/@aws-sdk/util-arn-parser/-/util-arn-parser-3.972.3.tgz 0ms (cache hit)
354 http cache @aws-sdk/types@https://registry.npmjs.org/@aws-sdk/types/-/types-3.973.8.tgz 0ms (cache hit)
355 http cache @aws/lambda-invoke-store@https://registry.npmjs.org/@aws/lambda-invoke-store/-/lambda-invoke-store-0.2.4.tgz 0ms (cache hit)
356 http cache @aws-sdk/util-endpoints@https://registry.npmjs.org/@aws-sdk/util-endpoints/-/util-endpoints-3.996.8.tgz 0ms (cache hit)
357 http cache @aws-sdk/token-providers@https://registry.npmjs.org/@aws-sdk/token-providers/-/token-providers-3.1036.0.tgz 0ms (cache hit)
358 http cache @aws-sdk/region-config-resolver@https://registry.npmjs.org/@aws-sdk/region-config-resolver/-/region-config-resolver-3.972.13.tgz 0ms (cache hit)
359 http cache @aws-sdk/util-user-agent-browser@https://registry.npmjs.org/@aws-sdk/util-user-agent-browser/-/util-user-agent-browser-3.972.10.tgz 0ms (cache hit)
360 http cache @aws-sdk/signature-v4-multi-region@https://registry.npmjs.org/@aws-sdk/signature-v4-multi-region/-/signature-v4-multi-region-3.996.22.tgz 0ms (cache hit)
361 http cache @aws-sdk/s3-request-presigner@https://registry.npmjs.org/@aws-sdk/s3-request-presigner/-/s3-request-presigner-3.1036.0.tgz 0ms (cache hit)
362 http cache @aws-sdk/nested-clients@https://registry.npmjs.org/@aws-sdk/nested-clients/-/nested-clients-3.997.3.tgz 0ms (cache hit)
363 http cache @aws-sdk/middleware-recursion-detection@https://registry.npmjs.org/@aws-sdk/middleware-recursion-detection/-/middleware-recursion-detection-3.972.11.tgz 0ms (cache hit)
364 http cache @aws-sdk/middleware-sdk-s3@https://registry.npmjs.org/@aws-sdk/middleware-sdk-s3/-/middleware-sdk-s3-3.972.34.tgz 0ms (cache hit)
365 http cache @aws-sdk/middleware-user-agent@https://registry.npmjs.org/@aws-sdk/middleware-user-agent/-/middleware-user-agent-3.972.35.tgz 0ms (cache hit)
366 http cache @aws-sdk/middleware-logger@https://registry.npmjs.org/@aws-sdk/middleware-logger/-/middleware-logger-3.972.10.tgz 0ms (cache hit)
367 http cache @aws-sdk/middleware-location-constraint@https://registry.npmjs.org/@aws-sdk/middleware-location-constraint/-/middleware-location-constraint-3.972.10.tgz 0ms (cache hit)
368 http cache @aws-sdk/middleware-expect-continue@https://registry.npmjs.org/@aws-sdk/middleware-expect-continue/-/middleware-expect-continue-3.972.10.tgz 0ms (cache hit)
369 http cache @aws-sdk/middleware-ssec@https://registry.npmjs.org/@aws-sdk/middleware-ssec/-/middleware-ssec-3.972.10.tgz 0ms (cache hit)
370 http cache @aws-sdk/middleware-host-header@https://registry.npmjs.org/@aws-sdk/middleware-host-header/-/middleware-host-header-3.972.10.tgz 0ms (cache hit)
371 http cache @aws-sdk/middleware-bucket-endpoint@https://registry.npmjs.org/@aws-sdk/middleware-bucket-endpoint/-/middleware-bucket-endpoint-3.972.10.tgz 0ms (cache hit)
372 http cache @aws-sdk/credential-provider-web-identity@https://registry.npmjs.org/@aws-sdk/credential-provider-web-identity/-/credential-provider-web-identity-3.972.35.tgz 0ms (cache hit)
373 http cache @aws-sdk/credential-provider-sso@https://registry.npmjs.org/@aws-sdk/credential-provider-sso/-/credential-provider-sso-3.972.35.tgz 0ms (cache hit)
374 http cache @aws-sdk/credential-provider-process@https://registry.npmjs.org/@aws-sdk/credential-provider-process/-/credential-provider-process-3.972.31.tgz 0ms (cache hit)
375 http cache @aws-sdk/credential-provider-node@https://registry.npmjs.org/@aws-sdk/credential-provider-node/-/credential-provider-node-3.972.36.tgz 0ms (cache hit)
376 http cache @aws-sdk/credential-provider-ini@https://registry.npmjs.org/@aws-sdk/credential-provider-ini/-/credential-provider-ini-3.972.35.tgz 0ms (cache hit)
377 http cache @aws-sdk/credential-provider-env@https://registry.npmjs.org/@aws-sdk/credential-provider-env/-/credential-provider-env-3.972.31.tgz 0ms (cache hit)
378 http cache @aws-sdk/credential-provider-login@https://registry.npmjs.org/@aws-sdk/credential-provider-login/-/credential-provider-login-3.972.35.tgz 0ms (cache hit)
379 http cache @aws-sdk/core@https://registry.npmjs.org/@aws-sdk/core/-/core-3.974.5.tgz 0ms (cache hit)
380 http cache @aws-sdk/client-s3@https://registry.npmjs.org/@aws-sdk/client-s3/-/client-s3-3.1036.0.tgz 0ms (cache hit)
381 http cache @aws-crypto/util@https://registry.npmjs.org/@aws-crypto/util/-/util-5.2.0.tgz 0ms (cache hit)
382 http cache @aws-sdk/credential-provider-http@https://registry.npmjs.org/@aws-sdk/credential-provider-http/-/credential-provider-http-3.972.33.tgz 0ms (cache hit)
383 http cache @aws-crypto/supports-web-crypto@https://registry.npmjs.org/@aws-crypto/supports-web-crypto/-/supports-web-crypto-5.2.0.tgz 0ms (cache hit)
384 http cache @aws-sdk/crc64-nvme@https://registry.npmjs.org/@aws-sdk/crc64-nvme/-/crc64-nvme-3.972.7.tgz 0ms (cache hit)
385 http cache @aws-crypto/sha256-browser@https://registry.npmjs.org/@aws-crypto/sha256-browser/-/sha256-browser-5.2.0.tgz 0ms (cache hit)
386 http cache @aws-crypto/sha1-browser@https://registry.npmjs.org/@aws-crypto/sha1-browser/-/sha1-browser-5.2.0.tgz 0ms (cache hit)
387 http cache core-util-is@https://registry.npmjs.org/core-util-is/-/core-util-is-1.0.2.tgz 0ms (cache hit)
388 http cache @aws-crypto/sha256-js@https://registry.npmjs.org/@aws-crypto/sha256-js/-/sha256-js-5.2.0.tgz 0ms (cache hit)
389 http cache @aws-crypto/crc32c@https://registry.npmjs.org/@aws-crypto/crc32c/-/crc32c-5.2.0.tgz 0ms (cache hit)
390 http cache @aws-crypto/crc32@https://registry.npmjs.org/@aws-crypto/crc32/-/crc32-5.2.0.tgz 0ms (cache hit)
391 http cache @aws-sdk/middleware-flexible-checksums@https://registry.npmjs.org/@aws-sdk/middleware-flexible-checksums/-/middleware-flexible-checksums-3.974.13.tgz 0ms (cache hit)
392 http cache https-proxy-agent@https://registry.npmjs.org/https-proxy-agent/-/https-proxy-agent-5.0.1.tgz 0ms (cache hit)
393 http cache ms@https://registry.npmjs.org/ms/-/ms-2.1.3.tgz 0ms (cache hit)
394 http cache agent-base@https://registry.npmjs.org/agent-base/-/agent-base-6.0.2.tgz 0ms (cache hit)
395 http cache debug@https://registry.npmjs.org/debug/-/debug-4.4.3.tgz 0ms (cache hit)
396 http cache uuid@https://registry.npmjs.org/uuid/-/uuid-3.4.0.tgz 0ms (cache hit)
397 http cache qs@https://registry.npmjs.org/qs/-/qs-6.5.5.tgz 0ms (cache hit)
398 http cache ms@https://registry.npmjs.org/ms/-/ms-2.1.3.tgz 0ms (cache hit)
399 http cache ms@https://registry.npmjs.org/ms/-/ms-2.1.3.tgz 0ms (cache hit)
400 http cache safe-buffer@https://registry.npmjs.org/safe-buffer/-/safe-buffer-5.1.2.tgz 0ms (cache hit)
401 http cache mongodb@https://registry.npmjs.org/mongodb/-/mongodb-6.20.0.tgz 0ms (cache hit)
402 http cache whatwg-url@https://registry.npmjs.org/whatwg-url/-/whatwg-url-14.2.0.tgz 0ms (cache hit)
403 http cache webidl-conversions@https://registry.npmjs.org/webidl-conversions/-/webidl-conversions-7.0.0.tgz 0ms (cache hit)
404 http cache ms@https://registry.npmjs.org/ms/-/ms-2.1.3.tgz 0ms (cache hit)
405 http cache debug@https://registry.npmjs.org/debug/-/debug-4.4.3.tgz 0ms (cache hit)
406 http cache tr46@https://registry.npmjs.org/tr46/-/tr46-5.1.1.tgz 0ms (cache hit)
407 http cache safe-buffer@https://registry.npmjs.org/safe-buffer/-/safe-buffer-5.1.2.tgz 0ms (cache hit)
408 http cache ms@https://registry.npmjs.org/ms/-/ms-2.1.3.tgz 0ms (cache hit)
409 http cache ms@https://registry.npmjs.org/ms/-/ms-2.1.3.tgz 0ms (cache hit)
410 http cache ms@https://registry.npmjs.org/ms/-/ms-2.1.3.tgz 0ms (cache hit)
411 http cache debug@https://registry.npmjs.org/debug/-/debug-4.4.3.tgz 0ms (cache hit)
412 http cache debug@https://registry.npmjs.org/debug/-/debug-4.4.3.tgz 0ms (cache hit)
413 http cache form-data@https://registry.npmjs.org/form-data/-/form-data-4.0.5.tgz 0ms (cache hit)
414 http cache debug@https://registry.npmjs.org/debug/-/debug-4.4.3.tgz 0ms (cache hit)
415 http cache ms@https://registry.npmjs.org/ms/-/ms-2.1.3.tgz 0ms (cache hit)
416 http cache @smithy/util-utf8@https://registry.npmjs.org/@smithy/util-utf8/-/util-utf8-2.3.0.tgz 0ms (cache hit)
417 http cache ms@https://registry.npmjs.org/ms/-/ms-2.1.3.tgz 0ms (cache hit)
418 http cache @smithy/util-utf8@https://registry.npmjs.org/@smithy/util-utf8/-/util-utf8-2.3.0.tgz 0ms (cache hit)
419 http cache @smithy/is-array-buffer@https://registry.npmjs.org/@smithy/is-array-buffer/-/is-array-buffer-2.2.0.tgz 0ms (cache hit)
420 http cache @smithy/is-array-buffer@https://registry.npmjs.org/@smithy/is-array-buffer/-/is-array-buffer-2.2.0.tgz 0ms (cache hit)
421 http cache debug@https://registry.npmjs.org/debug/-/debug-4.4.3.tgz 0ms (cache hit)
422 http cache @smithy/util-buffer-from@https://registry.npmjs.org/@smithy/util-buffer-from/-/util-buffer-from-2.2.0.tgz 0ms (cache hit)
423 http cache @smithy/util-buffer-from@https://registry.npmjs.org/@smithy/util-buffer-from/-/util-buffer-from-2.2.0.tgz 0ms (cache hit)
424 http cache @smithy/util-buffer-from@https://registry.npmjs.org/@smithy/util-buffer-from/-/util-buffer-from-2.2.0.tgz 0ms (cache hit)
425 silly tarball no local data for xtend@https://registry.npmjs.org/xtend/-/xtend-4.0.2.tgz. Extracting by manifest.
426 silly tarball no local data for yocto-queue@https://registry.npmjs.org/yocto-queue/-/yocto-queue-0.1.0.tgz. Extracting by manifest.
427 silly tarball no local data for wrappy@https://registry.npmjs.org/wrappy/-/wrappy-1.0.2.tgz. Extracting by manifest.
428 silly tarball no local data for which@https://registry.npmjs.org/which/-/which-2.0.2.tgz. Extracting by manifest.
429 silly tarball no local data for word-wrap@https://registry.npmjs.org/word-wrap/-/word-wrap-1.2.5.tgz. Extracting by manifest.
430 silly tarball no local data for xmlbuilder@https://registry.npmjs.org/xmlbuilder/-/xmlbuilder-13.0.2.tgz. Extracting by manifest.
431 silly tarball no local data for whatwg-url@https://registry.npmjs.org/whatwg-url/-/whatwg-url-5.0.0.tgz. Extracting by manifest.
432 http cache @smithy/util-utf8@https://registry.npmjs.org/@smithy/util-utf8/-/util-utf8-2.3.0.tgz 0ms (cache hit)
433 silly tarball no local data for webidl-conversions@https://registry.npmjs.org/webidl-conversions/-/webidl-conversions-3.0.1.tgz. Extracting by manifest.
434 silly tarball no local data for verror@https://registry.npmjs.org/verror/-/verror-1.10.0.tgz. Extracting by manifest.
435 silly tarball no local data for validator@https://registry.npmjs.org/validator/-/validator-13.15.35.tgz. Extracting by manifest.
436 silly tarball no local data for vary@https://registry.npmjs.org/vary/-/vary-1.1.2.tgz. Extracting by manifest.
437 silly tarball no local data for uuid@https://registry.npmjs.org/uuid/-/uuid-9.0.1.tgz. Extracting by manifest.
438 silly tarball no local data for unpipe@https://registry.npmjs.org/unpipe/-/unpipe-1.0.0.tgz. Extracting by manifest.
439 silly tarball no local data for util-deprecate@https://registry.npmjs.org/util-deprecate/-/util-deprecate-1.0.2.tgz. Extracting by manifest.
440 http cache @smithy/is-array-buffer@https://registry.npmjs.org/@smithy/is-array-buffer/-/is-array-buffer-2.2.0.tgz 0ms (cache hit)
441 silly tarball no local data for uri-js@https://registry.npmjs.org/uri-js/-/uri-js-4.4.1.tgz. Extracting by manifest.
442 silly tarball no local data for typedarray@https://registry.npmjs.org/typedarray/-/typedarray-0.0.6.tgz. Extracting by manifest.
443 silly tarball no local data for utils-merge@https://registry.npmjs.org/utils-merge/-/utils-merge-1.0.1.tgz. Extracting by manifest.
444 silly tarball no local data for twilio@https://registry.npmjs.org/twilio/-/twilio-5.13.1.tgz. Extracting by manifest.
445 silly tarball no local data for tunnel-agent@https://registry.npmjs.org/tunnel-agent/-/tunnel-agent-0.6.0.tgz. Extracting by manifest.
446 silly tarball no local data for type-is@https://registry.npmjs.org/type-is/-/type-is-1.6.18.tgz. Extracting by manifest.
447 silly tarball no local data for type-fest@https://registry.npmjs.org/type-fest/-/type-fest-0.20.2.tgz. Extracting by manifest.
448 silly tarball no local data for toidentifier@https://registry.npmjs.org/toidentifier/-/toidentifier-1.0.1.tgz. Extracting by manifest.
449 silly tarball no local data for tslib@https://registry.npmjs.org/tslib/-/tslib-2.8.1.tgz. Extracting by manifest.
450 silly tarball no local data for type-check@https://registry.npmjs.org/type-check/-/type-check-0.4.0.tgz. Extracting by manifest.
451 silly tarball no local data for tweetnacl@https://registry.npmjs.org/tweetnacl/-/tweetnacl-0.14.5.tgz. Extracting by manifest.
452 silly tarball no local data for tough-cookie@https://registry.npmjs.org/tough-cookie/-/tough-cookie-2.5.0.tgz. Extracting by manifest.
453 silly tarball no local data for tr46@https://registry.npmjs.org/tr46/-/tr46-0.0.3.tgz. Extracting by manifest.
454 silly tarball no local data for supports-color@https://registry.npmjs.org/supports-color/-/supports-color-7.2.0.tgz. Extracting by manifest.
455 silly tarball no local data for strnum@https://registry.npmjs.org/strnum/-/strnum-2.2.3.tgz. Extracting by manifest.
456 silly tarball no local data for string_decoder@https://registry.npmjs.org/string_decoder/-/string_decoder-1.1.1.tgz. Extracting by manifest.
457 silly tarball no local data for strip-ansi@https://registry.npmjs.org/strip-ansi/-/strip-ansi-6.0.1.tgz. Extracting by manifest.
458 silly tarball no local data for stripe@https://registry.npmjs.org/stripe/-/stripe-22.1.0.tgz. Extracting by manifest.
459 silly tarball no local data for sshpk@https://registry.npmjs.org/sshpk/-/sshpk-1.18.0.tgz. Extracting by manifest.
460 silly tarball no local data for sparse-bitfield@https://registry.npmjs.org/sparse-bitfield/-/sparse-bitfield-3.0.3.tgz. Extracting by manifest.
461 silly tarball no local data for streamsearch@https://registry.npmjs.org/streamsearch/-/streamsearch-1.1.0.tgz. Extracting by manifest.
462 silly tarball no local data for strip-json-comments@https://registry.npmjs.org/strip-json-comments/-/strip-json-comments-3.1.1.tgz. Extracting by manifest.
463 silly tarball no local data for text-table@https://registry.npmjs.org/text-table/-/text-table-0.2.0.tgz. Extracting by manifest.
464 silly tarball no local data for statuses@https://registry.npmjs.org/statuses/-/statuses-2.0.2.tgz. Extracting by manifest.
465 silly tarball no local data for side-channel-map@https://registry.npmjs.org/side-channel-map/-/side-channel-map-1.0.1.tgz. Extracting by manifest.
466 silly tarball no local data for sift@https://registry.npmjs.org/sift/-/sift-17.1.3.tgz. Extracting by manifest.
467 silly tarball no local data for side-channel-list@https://registry.npmjs.org/side-channel-list/-/side-channel-list-1.0.1.tgz. Extracting by manifest.
468 silly tarball no local data for side-channel-weakmap@https://registry.npmjs.org/side-channel-weakmap/-/side-channel-weakmap-1.0.2.tgz. Extracting by manifest.
469 silly tarball no local data for side-channel@https://registry.npmjs.org/side-channel/-/side-channel-1.1.0.tgz. Extracting by manifest.
470 silly tarball no local data for shebang-regex@https://registry.npmjs.org/shebang-regex/-/shebang-regex-3.0.0.tgz. Extracting by manifest.
471 silly tarball no local data for semver@https://registry.npmjs.org/semver/-/semver-7.7.4.tgz. Extracting by manifest.
472 silly tarball no local data for serve-static@https://registry.npmjs.org/serve-static/-/serve-static-1.16.3.tgz. Extracting by manifest.
473 silly tarball no local data for shebang-command@https://registry.npmjs.org/shebang-command/-/shebang-command-2.0.0.tgz. Extracting by manifest.
474 silly tarball no local data for run-parallel@https://registry.npmjs.org/run-parallel/-/run-parallel-1.2.0.tgz. Extracting by manifest.
475 silly tarball no local data for scmp@https://registry.npmjs.org/scmp/-/scmp-2.1.0.tgz. Extracting by manifest.
476 silly tarball no local data for rimraf@https://registry.npmjs.org/rimraf/-/rimraf-3.0.2.tgz. Extracting by manifest.
477 silly tarball no local data for send@https://registry.npmjs.org/send/-/send-0.19.2.tgz. Extracting by manifest.
478 silly tarball no local data for safe-buffer@https://registry.npmjs.org/safe-buffer/-/safe-buffer-5.2.1.tgz. Extracting by manifest.
479 silly tarball no local data for resolve-from@https://registry.npmjs.org/resolve-from/-/resolve-from-4.0.0.tgz. Extracting by manifest.
480 silly tarball no local data for safer-buffer@https://registry.npmjs.org/safer-buffer/-/safer-buffer-2.1.2.tgz. Extracting by manifest.
481 silly tarball no local data for readable-stream@https://registry.npmjs.org/readable-stream/-/readable-stream-2.3.8.tgz. Extracting by manifest.
482 silly tarball no local data for setprototypeof@https://registry.npmjs.org/setprototypeof/-/setprototypeof-1.2.0.tgz. Extracting by manifest.
483 silly tarball no local data for rewire@https://registry.npmjs.org/rewire/-/rewire-7.0.0.tgz. Extracting by manifest.
484 silly tarball no local data for range-parser@https://registry.npmjs.org/range-parser/-/range-parser-1.2.1.tgz. Extracting by manifest.
485 silly tarball no local data for request@https://registry.npmjs.org/request/-/request-2.88.2.tgz. Extracting by manifest.
486 silly tarball no local data for reusify@https://registry.npmjs.org/reusify/-/reusify-1.1.0.tgz. Extracting by manifest.
487 silly tarball no local data for punycode@https://registry.npmjs.org/punycode/-/punycode-2.3.1.tgz. Extracting by manifest.
488 silly tarball no local data for queue-microtask@https://registry.npmjs.org/queue-microtask/-/queue-microtask-1.2.3.tgz. Extracting by manifest.
489 silly tarball no local data for raw-body@https://registry.npmjs.org/raw-body/-/raw-body-2.5.3.tgz. Extracting by manifest.
490 silly tarball no local data for psl@https://registry.npmjs.org/psl/-/psl-1.15.0.tgz. Extracting by manifest.
491 silly tarball no local data for qs@https://registry.npmjs.org/qs/-/qs-6.14.2.tgz. Extracting by manifest.
492 silly tarball no local data for process-nextick-args@https://registry.npmjs.org/process-nextick-args/-/process-nextick-args-2.0.1.tgz. Extracting by manifest.
493 silly tarball no local data for proxy-addr@https://registry.npmjs.org/proxy-addr/-/proxy-addr-2.0.7.tgz. Extracting by manifest.
494 silly tarball no local data for performance-now@https://registry.npmjs.org/performance-now/-/performance-now-2.1.0.tgz. Extracting by manifest.
495 silly tarball no local data for proxy-from-env@https://registry.npmjs.org/proxy-from-env/-/proxy-from-env-2.1.0.tgz. Extracting by manifest.
496 silly tarball no local data for path-expression-matcher@https://registry.npmjs.org/path-expression-matcher/-/path-expression-matcher-1.5.0.tgz. Extracting by manifest.
497 silly tarball no local data for prelude-ls@https://registry.npmjs.org/prelude-ls/-/prelude-ls-1.2.1.tgz. Extracting by manifest.
498 silly tarball no local data for path-key@https://registry.npmjs.org/path-key/-/path-key-3.1.1.tgz. Extracting by manifest.
499 silly tarball no local data for path-is-absolute@https://registry.npmjs.org/path-is-absolute/-/path-is-absolute-1.0.1.tgz. Extracting by manifest.
500 silly tarball no local data for p-locate@https://registry.npmjs.org/p-locate/-/p-locate-5.0.0.tgz. Extracting by manifest.
501 silly tarball no local data for path-exists@https://registry.npmjs.org/path-exists/-/path-exists-4.0.0.tgz. Extracting by manifest.
502 silly tarball no local data for parseurl@https://registry.npmjs.org/parseurl/-/parseurl-1.3.3.tgz. Extracting by manifest.
503 silly tarball no local data for parent-module@https://registry.npmjs.org/parent-module/-/parent-module-1.0.1.tgz. Extracting by manifest.
504 silly tarball no local data for p-limit@https://registry.npmjs.org/p-limit/-/p-limit-3.1.0.tgz. Extracting by manifest.
505 silly tarball no local data for once@https://registry.npmjs.org/once/-/once-1.4.0.tgz. Extracting by manifest.
506 silly tarball no local data for path-to-regexp@https://registry.npmjs.org/path-to-regexp/-/path-to-regexp-0.1.13.tgz. Extracting by manifest.
507 silly tarball no local data for optionator@https://registry.npmjs.org/optionator/-/optionator-0.9.4.tgz. Extracting by manifest.
508 silly tarball no local data for on-finished@https://registry.npmjs.org/on-finished/-/on-finished-2.4.1.tgz. Extracting by manifest.
509 silly tarball no local data for object-inspect@https://registry.npmjs.org/object-inspect/-/object-inspect-1.13.4.tgz. Extracting by manifest.
510 silly tarball no local data for object-assign@https://registry.npmjs.org/object-assign/-/object-assign-4.1.1.tgz. Extracting by manifest.
511 silly tarball no local data for oauth-sign@https://registry.npmjs.org/oauth-sign/-/oauth-sign-0.9.0.tgz. Extracting by manifest.
512 silly tarball no local data for multer@https://registry.npmjs.org/multer/-/multer-1.4.5-lts.2.tgz. Extracting by manifest.
513 silly tarball no local data for ms@https://registry.npmjs.org/ms/-/ms-2.0.0.tgz. Extracting by manifest.
514 silly tarball no local data for negotiator@https://registry.npmjs.org/negotiator/-/negotiator-0.6.3.tgz. Extracting by manifest.
515 silly tarball no local data for mquery@https://registry.npmjs.org/mquery/-/mquery-5.0.0.tgz. Extracting by manifest.
516 silly tarball no local data for mpath@https://registry.npmjs.org/mpath/-/mpath-0.9.0.tgz. Extracting by manifest.
517 silly tarball no local data for node-fetch@https://registry.npmjs.org/node-fetch/-/node-fetch-2.7.0.tgz. Extracting by manifest.
518 silly tarball no local data for mongodb-connection-string-url@https://registry.npmjs.org/mongodb-connection-string-url/-/mongodb-connection-string-url-3.0.2.tgz. Extracting by manifest.
519 silly tarball no local data for minimatch@https://registry.npmjs.org/minimatch/-/minimatch-3.1.5.tgz. Extracting by manifest.
520 silly tarball no local data for minimist@https://registry.npmjs.org/minimist/-/minimist-1.2.8.tgz. Extracting by manifest.
521 silly tarball no local data for mongoose@https://registry.npmjs.org/mongoose/-/mongoose-8.23.1.tgz. Extracting by manifest.
522 silly tarball no local data for mime-db@https://registry.npmjs.org/mime-db/-/mime-db-1.52.0.tgz. Extracting by manifest.
523 silly tarball no local data for mime-types@https://registry.npmjs.org/mime-types/-/mime-types-2.1.35.tgz. Extracting by manifest.
524 silly tarball no local data for mime@https://registry.npmjs.org/mime/-/mime-1.6.0.tgz. Extracting by manifest.
525 silly tarball no local data for natural-compare@https://registry.npmjs.org/natural-compare/-/natural-compare-1.4.0.tgz. Extracting by manifest.
526 silly tarball no local data for methods@https://registry.npmjs.org/methods/-/methods-1.1.2.tgz. Extracting by manifest.
527 silly tarball no local data for merge-descriptors@https://registry.npmjs.org/merge-descriptors/-/merge-descriptors-1.0.3.tgz. Extracting by manifest.
528 silly tarball no local data for math-intrinsics@https://registry.npmjs.org/math-intrinsics/-/math-intrinsics-1.1.0.tgz. Extracting by manifest.
529 silly tarball no local data for memory-pager@https://registry.npmjs.org/memory-pager/-/memory-pager-1.5.0.tgz. Extracting by manifest.
530 silly tarball no local data for media-typer@https://registry.npmjs.org/media-typer/-/media-typer-0.3.0.tgz. Extracting by manifest.
531 silly tarball no local data for lodash.once@https://registry.npmjs.org/lodash.once/-/lodash.once-4.1.1.tgz. Extracting by manifest.
532 silly tarball no local data for mkdirp@https://registry.npmjs.org/mkdirp/-/mkdirp-0.5.6.tgz. Extracting by manifest.
533 silly tarball no local data for lodash.isplainobject@https://registry.npmjs.org/lodash.isplainobject/-/lodash.isplainobject-4.0.6.tgz. Extracting by manifest.
534 silly tarball no local data for lodash.isnumber@https://registry.npmjs.org/lodash.isnumber/-/lodash.isnumber-3.0.3.tgz. Extracting by manifest.
535 silly tarball no local data for lodash.isboolean@https://registry.npmjs.org/lodash.isboolean/-/lodash.isboolean-3.0.3.tgz. Extracting by manifest.
536 silly tarball no local data for lodash.merge@https://registry.npmjs.org/lodash.merge/-/lodash.merge-4.6.2.tgz. Extracting by manifest.
537 silly tarball no local data for lodash.isinteger@https://registry.npmjs.org/lodash.isinteger/-/lodash.isinteger-4.0.4.tgz. Extracting by manifest.
538 silly tarball no local data for lodash.isstring@https://registry.npmjs.org/lodash.isstring/-/lodash.isstring-4.0.1.tgz. Extracting by manifest.
539 silly tarball no local data for lodash.includes@https://registry.npmjs.org/lodash.includes/-/lodash.includes-4.3.0.tgz. Extracting by manifest.
540 silly tarball no local data for lodash@https://registry.npmjs.org/lodash/-/lodash-4.18.1.tgz. Extracting by manifest.
541 silly tarball no local data for levn@https://registry.npmjs.org/levn/-/levn-0.4.1.tgz. Extracting by manifest.
542 silly tarball no local data for kareem@https://registry.npmjs.org/kareem/-/kareem-2.6.3.tgz. Extracting by manifest.
543 silly tarball no local data for locate-path@https://registry.npmjs.org/locate-path/-/locate-path-6.0.0.tgz. Extracting by manifest.
544 silly tarball no local data for keyv@https://registry.npmjs.org/keyv/-/keyv-4.5.4.tgz. Extracting by manifest.
545 silly tarball no local data for jws@https://registry.npmjs.org/jws/-/jws-4.0.1.tgz. Extracting by manifest.
546 silly tarball no local data for jsprim@https://registry.npmjs.org/jsprim/-/jsprim-1.4.2.tgz. Extracting by manifest.
547 silly tarball no local data for jsonwebtoken@https://registry.npmjs.org/jsonwebtoken/-/jsonwebtoken-9.0.3.tgz. Extracting by manifest.
548 silly tarball no local data for jwa@https://registry.npmjs.org/jwa/-/jwa-2.0.1.tgz. Extracting by manifest.
549 silly tarball no local data for js-yaml@https://registry.npmjs.org/js-yaml/-/js-yaml-4.1.1.tgz. Extracting by manifest.
550 silly tarball no local data for json-schema-traverse@https://registry.npmjs.org/json-schema-traverse/-/json-schema-traverse-0.4.1.tgz. Extracting by manifest.
551 silly tarball no local data for json-stable-stringify-without-jsonify@https://registry.npmjs.org/json-stable-stringify-without-jsonify/-/json-stable-stringify-without-jsonify-1.0.1.tgz. Extracting by manifest.
552 silly tarball no local data for json-stringify-safe@https://registry.npmjs.org/json-stringify-safe/-/json-stringify-safe-5.0.1.tgz. Extracting by manifest.
553 silly tarball no local data for jsbn@https://registry.npmjs.org/jsbn/-/jsbn-0.1.1.tgz. Extracting by manifest.
554 silly tarball no local data for json-bigint@https://registry.npmjs.org/json-bigint/-/json-bigint-1.0.0.tgz. Extracting by manifest.
555 silly tarball no local data for isstream@https://registry.npmjs.org/isstream/-/isstream-0.1.2.tgz. Extracting by manifest.
556 silly tarball no local data for isexe@https://registry.npmjs.org/isexe/-/isexe-2.0.0.tgz. Extracting by manifest.
557 silly tarball no local data for json-schema@https://registry.npmjs.org/json-schema/-/json-schema-0.4.0.tgz. Extracting by manifest.
558 silly tarball no local data for is-typedarray@https://registry.npmjs.org/is-typedarray/-/is-typedarray-1.0.0.tgz. Extracting by manifest.
559 silly tarball no local data for json-buffer@https://registry.npmjs.org/json-buffer/-/json-buffer-3.0.1.tgz. Extracting by manifest.
560 silly tarball no local data for isarray@https://registry.npmjs.org/isarray/-/isarray-1.0.0.tgz. Extracting by manifest.
561 silly tarball no local data for is-stream@https://registry.npmjs.org/is-stream/-/is-stream-2.0.1.tgz. Extracting by manifest.
562 silly tarball no local data for is-extglob@https://registry.npmjs.org/is-extglob/-/is-extglob-2.1.1.tgz. Extracting by manifest.
563 silly tarball no local data for is-glob@https://registry.npmjs.org/is-glob/-/is-glob-4.0.3.tgz. Extracting by manifest.
564 silly tarball no local data for import-fresh@https://registry.npmjs.org/import-fresh/-/import-fresh-3.3.1.tgz. Extracting by manifest.
565 silly tarball no local data for inflight@https://registry.npmjs.org/inflight/-/inflight-1.0.6.tgz. Extracting by manifest.
566 silly tarball no local data for is-path-inside@https://registry.npmjs.org/is-path-inside/-/is-path-inside-3.0.3.tgz. Extracting by manifest.
567 silly tarball no local data for ipaddr.js@https://registry.npmjs.org/ipaddr.js/-/ipaddr.js-1.9.1.tgz. Extracting by manifest.
568 silly tarball no local data for inherits@https://registry.npmjs.org/inherits/-/inherits-2.0.4.tgz. Extracting by manifest.
569 silly tarball no local data for ignore@https://registry.npmjs.org/ignore/-/ignore-5.3.2.tgz. Extracting by manifest.
570 silly tarball no local data for http-signature@https://registry.npmjs.org/http-signature/-/http-signature-1.2.0.tgz. Extracting by manifest.
571 silly tarball no local data for imurmurhash@https://registry.npmjs.org/imurmurhash/-/imurmurhash-0.1.4.tgz. Extracting by manifest.
572 silly tarball no local data for https-proxy-agent@https://registry.npmjs.org/https-proxy-agent/-/https-proxy-agent-7.0.6.tgz. Extracting by manifest.
573 silly tarball no local data for has-symbols@https://registry.npmjs.org/has-symbols/-/has-symbols-1.1.0.tgz. Extracting by manifest.
574 silly tarball no local data for iconv-lite@https://registry.npmjs.org/iconv-lite/-/iconv-lite-0.4.24.tgz. Extracting by manifest.
575 silly tarball no local data for has-tostringtag@https://registry.npmjs.org/has-tostringtag/-/has-tostringtag-1.0.2.tgz. Extracting by manifest.
576 silly tarball no local data for http-errors@https://registry.npmjs.org/http-errors/-/http-errors-2.0.1.tgz. Extracting by manifest.
577 silly tarball no local data for has-flag@https://registry.npmjs.org/has-flag/-/has-flag-4.0.0.tgz. Extracting by manifest.
578 silly tarball no local data for har-validator@https://registry.npmjs.org/har-validator/-/har-validator-5.1.5.tgz. Extracting by manifest.
579 silly tarball no local data for gtoken@https://registry.npmjs.org/gtoken/-/gtoken-7.1.0.tgz. Extracting by manifest.
580 silly tarball no local data for hasown@https://registry.npmjs.org/hasown/-/hasown-2.0.3.tgz. Extracting by manifest.
581 silly tarball no local data for graphemer@https://registry.npmjs.org/graphemer/-/graphemer-1.4.0.tgz. Extracting by manifest.
582 silly tarball no local data for gopd@https://registry.npmjs.org/gopd/-/gopd-1.2.0.tgz. Extracting by manifest.
583 silly tarball no local data for har-schema@https://registry.npmjs.org/har-schema/-/har-schema-2.0.0.tgz. Extracting by manifest.
584 silly tarball no local data for google-auth-library@https://registry.npmjs.org/google-auth-library/-/google-auth-library-9.15.1.tgz. Extracting by manifest.
585 silly tarball no local data for globals@https://registry.npmjs.org/globals/-/globals-13.24.0.tgz. Extracting by manifest.
586 silly tarball no local data for get-proto@https://registry.npmjs.org/get-proto/-/get-proto-1.0.1.tgz. Extracting by manifest.
587 silly tarball no local data for getpass@https://registry.npmjs.org/getpass/-/getpass-0.1.7.tgz. Extracting by manifest.
588 silly tarball no local data for get-intrinsic@https://registry.npmjs.org/get-intrinsic/-/get-intrinsic-1.3.0.tgz. Extracting by manifest.
589 silly tarball no local data for glob-parent@https://registry.npmjs.org/glob-parent/-/glob-parent-6.0.2.tgz. Extracting by manifest.
590 silly tarball no local data for gcp-metadata@https://registry.npmjs.org/gcp-metadata/-/gcp-metadata-6.1.1.tgz. Extracting by manifest.
591 silly tarball no local data for function-bind@https://registry.npmjs.org/function-bind/-/function-bind-1.1.2.tgz. Extracting by manifest.
592 silly tarball no local data for glob@https://registry.npmjs.org/glob/-/glob-7.2.3.tgz. Extracting by manifest.
593 silly tarball no local data for fs.realpath@https://registry.npmjs.org/fs.realpath/-/fs.realpath-1.0.0.tgz. Extracting by manifest.
594 silly tarball no local data for fresh@https://registry.npmjs.org/fresh/-/fresh-0.5.2.tgz. Extracting by manifest.
595 silly tarball no local data for google-logging-utils@https://registry.npmjs.org/google-logging-utils/-/google-logging-utils-0.0.2.tgz. Extracting by manifest.
596 silly tarball no local data for follow-redirects@https://registry.npmjs.org/follow-redirects/-/follow-redirects-1.16.0.tgz. Extracting by manifest.
597 silly tarball no local data for gaxios@https://registry.npmjs.org/gaxios/-/gaxios-6.7.1.tgz. Extracting by manifest.
598 silly tarball no local data for forwarded@https://registry.npmjs.org/forwarded/-/forwarded-0.2.0.tgz. Extracting by manifest.
599 silly tarball no local data for finalhandler@https://registry.npmjs.org/finalhandler/-/finalhandler-1.3.2.tgz. Extracting by manifest.
600 silly tarball no local data for find-up@https://registry.npmjs.org/find-up/-/find-up-5.0.0.tgz. Extracting by manifest.
601 silly tarball no local data for flatted@https://registry.npmjs.org/flatted/-/flatted-3.4.2.tgz. Extracting by manifest.
602 silly tarball no local data for file-entry-cache@https://registry.npmjs.org/file-entry-cache/-/file-entry-cache-6.0.1.tgz. Extracting by manifest.
603 silly tarball no local data for form-data@https://registry.npmjs.org/form-data/-/form-data-2.3.3.tgz. Extracting by manifest.
604 silly tarball no local data for forever-agent@https://registry.npmjs.org/forever-agent/-/forever-agent-0.6.1.tgz. Extracting by manifest.
605 silly tarball no local data for fast-xml-builder@https://registry.npmjs.org/fast-xml-builder/-/fast-xml-builder-1.1.5.tgz. Extracting by manifest.
606 silly tarball no local data for fast-xml-parser@https://registry.npmjs.org/fast-xml-parser/-/fast-xml-parser-5.7.1.tgz. Extracting by manifest.
607 silly tarball no local data for flat-cache@https://registry.npmjs.org/flat-cache/-/flat-cache-3.2.0.tgz. Extracting by manifest.
608 silly tarball no local data for fastq@https://registry.npmjs.org/fastq/-/fastq-1.20.1.tgz. Extracting by manifest.
609 silly tarball no local data for fast-levenshtein@https://registry.npmjs.org/fast-levenshtein/-/fast-levenshtein-2.0.6.tgz. Extracting by manifest.
610 silly tarball no local data for fast-deep-equal@https://registry.npmjs.org/fast-deep-equal/-/fast-deep-equal-3.1.3.tgz. Extracting by manifest.
611 silly tarball no local data for extend@https://registry.npmjs.org/extend/-/extend-3.0.2.tgz. Extracting by manifest.
612 silly tarball no local data for etag@https://registry.npmjs.org/etag/-/etag-1.8.1.tgz. Extracting by manifest.
613 silly tarball no local data for express@https://registry.npmjs.org/express/-/express-4.22.1.tgz. Extracting by manifest.
614 silly tarball no local data for esutils@https://registry.npmjs.org/esutils/-/esutils-2.0.3.tgz. Extracting by manifest.
615 silly tarball no local data for express-validator@https://registry.npmjs.org/express-validator/-/express-validator-7.3.2.tgz. Extracting by manifest.
616 silly tarball no local data for fast-json-stable-stringify@https://registry.npmjs.org/fast-json-stable-stringify/-/fast-json-stable-stringify-2.1.0.tgz. Extracting by manifest.
617 silly tarball no local data for extsprintf@https://registry.npmjs.org/extsprintf/-/extsprintf-1.3.0.tgz. Extracting by manifest.
618 silly tarball no local data for esrecurse@https://registry.npmjs.org/esrecurse/-/esrecurse-4.3.0.tgz. Extracting by manifest.
619 silly tarball no local data for eslint-visitor-keys@https://registry.npmjs.org/eslint-visitor-keys/-/eslint-visitor-keys-3.4.3.tgz. Extracting by manifest.
620 silly tarball no local data for espree@https://registry.npmjs.org/espree/-/espree-9.6.1.tgz. Extracting by manifest.
621 silly tarball no local data for esquery@https://registry.npmjs.org/esquery/-/esquery-1.7.0.tgz. Extracting by manifest.
622 silly tarball no local data for eslint@https://registry.npmjs.org/eslint/-/eslint-8.57.1.tgz. Extracting by manifest.
623 silly tarball no local data for escape-string-regexp@https://registry.npmjs.org/escape-string-regexp/-/escape-string-regexp-4.0.0.tgz. Extracting by manifest.
624 silly tarball no local data for escape-html@https://registry.npmjs.org/escape-html/-/escape-html-1.0.3.tgz. Extracting by manifest.
625 silly tarball no local data for eslint-scope@https://registry.npmjs.org/eslint-scope/-/eslint-scope-7.2.2.tgz. Extracting by manifest.
626 silly tarball no local data for estraverse@https://registry.npmjs.org/estraverse/-/estraverse-5.3.0.tgz. Extracting by manifest.
627 silly tarball no local data for es-object-atoms@https://registry.npmjs.org/es-object-atoms/-/es-object-atoms-1.1.1.tgz. Extracting by manifest.
628 silly tarball no local data for es-define-property@https://registry.npmjs.org/es-define-property/-/es-define-property-1.0.1.tgz. Extracting by manifest.
629 silly tarball no local data for es-errors@https://registry.npmjs.org/es-errors/-/es-errors-1.3.0.tgz. Extracting by manifest.
630 silly tarball no local data for es-set-tostringtag@https://registry.npmjs.org/es-set-tostringtag/-/es-set-tostringtag-2.1.0.tgz. Extracting by manifest.
631 silly tarball no local data for dunder-proto@https://registry.npmjs.org/dunder-proto/-/dunder-proto-1.0.1.tgz. Extracting by manifest.
632 silly tarball no local data for ecdsa-sig-formatter@https://registry.npmjs.org/ecdsa-sig-formatter/-/ecdsa-sig-formatter-1.0.11.tgz. Extracting by manifest.
633 silly tarball no local data for ee-first@https://registry.npmjs.org/ee-first/-/ee-first-1.1.1.tgz. Extracting by manifest.
634 silly tarball no local data for ecc-jsbn@https://registry.npmjs.org/ecc-jsbn/-/ecc-jsbn-0.1.2.tgz. Extracting by manifest.
635 silly tarball no local data for doctrine@https://registry.npmjs.org/doctrine/-/doctrine-3.0.0.tgz. Extracting by manifest.
636 silly tarball no local data for encodeurl@https://registry.npmjs.org/encodeurl/-/encodeurl-2.0.0.tgz. Extracting by manifest.
637 silly tarball no local data for depd@https://registry.npmjs.org/depd/-/depd-2.0.0.tgz. Extracting by manifest.
638 silly tarball no local data for destroy@https://registry.npmjs.org/destroy/-/destroy-1.2.0.tgz. Extracting by manifest.
639 silly tarball no local data for deep-is@https://registry.npmjs.org/deep-is/-/deep-is-0.1.4.tgz. Extracting by manifest.
640 silly tarball no local data for dotenv@https://registry.npmjs.org/dotenv/-/dotenv-16.6.1.tgz. Extracting by manifest.
641 silly tarball no local data for delayed-stream@https://registry.npmjs.org/delayed-stream/-/delayed-stream-1.0.0.tgz. Extracting by manifest.
642 silly tarball no local data for cross-spawn@https://registry.npmjs.org/cross-spawn/-/cross-spawn-7.0.6.tgz. Extracting by manifest.
643 silly tarball no local data for dayjs@https://registry.npmjs.org/dayjs/-/dayjs-1.11.20.tgz. Extracting by manifest.
644 silly tarball no local data for cors@https://registry.npmjs.org/cors/-/cors-2.8.6.tgz. Extracting by manifest.
645 silly tarball no local data for dashdash@https://registry.npmjs.org/dashdash/-/dashdash-1.14.1.tgz. Extracting by manifest.
646 silly tarball no local data for cookie-signature@https://registry.npmjs.org/cookie-signature/-/cookie-signature-1.0.6.tgz. Extracting by manifest.
647 silly tarball no local data for core-util-is@https://registry.npmjs.org/core-util-is/-/core-util-is-1.0.3.tgz. Extracting by manifest.
648 silly tarball no local data for cookie@https://registry.npmjs.org/cookie/-/cookie-0.7.2.tgz. Extracting by manifest.
649 silly tarball no local data for debug@https://registry.npmjs.org/debug/-/debug-2.6.9.tgz. Extracting by manifest.
650 silly tarball no local data for content-type@https://registry.npmjs.org/content-type/-/content-type-1.0.5.tgz. Extracting by manifest.
651 silly tarball no local data for content-disposition@https://registry.npmjs.org/content-disposition/-/content-disposition-0.5.4.tgz. Extracting by manifest.
652 silly tarball no local data for concat-map@https://registry.npmjs.org/concat-map/-/concat-map-0.0.1.tgz. Extracting by manifest.
653 silly tarball no local data for combined-stream@https://registry.npmjs.org/combined-stream/-/combined-stream-1.0.8.tgz. Extracting by manifest.
654 silly tarball no local data for cookie-parser@https://registry.npmjs.org/cookie-parser/-/cookie-parser-1.4.7.tgz. Extracting by manifest.
655 silly tarball no local data for concat-stream@https://registry.npmjs.org/concat-stream/-/concat-stream-1.6.2.tgz. Extracting by manifest.
656 silly tarball no local data for color-name@https://registry.npmjs.org/color-name/-/color-name-1.1.4.tgz. Extracting by manifest.
657 silly tarball no local data for chalk@https://registry.npmjs.org/chalk/-/chalk-4.1.2.tgz. Extracting by manifest.
658 silly tarball no local data for color-convert@https://registry.npmjs.org/color-convert/-/color-convert-2.0.1.tgz. Extracting by manifest.
659 silly tarball no local data for caseless@https://registry.npmjs.org/caseless/-/caseless-0.12.0.tgz. Extracting by manifest.
660 silly tarball no local data for call-bound@https://registry.npmjs.org/call-bound/-/call-bound-1.0.4.tgz. Extracting by manifest.
661 silly tarball no local data for call-bind-apply-helpers@https://registry.npmjs.org/call-bind-apply-helpers/-/call-bind-apply-helpers-1.0.2.tgz. Extracting by manifest.
662 silly tarball no local data for callsites@https://registry.npmjs.org/callsites/-/callsites-3.1.0.tgz. Extracting by manifest.
663 silly tarball no local data for bytes@https://registry.npmjs.org/bytes/-/bytes-3.1.2.tgz. Extracting by manifest.
664 silly tarball no local data for bson@https://registry.npmjs.org/bson/-/bson-6.10.4.tgz. Extracting by manifest.
665 silly tarball no local data for busboy@https://registry.npmjs.org/busboy/-/busboy-1.6.0.tgz. Extracting by manifest.
666 silly tarball no local data for body-parser@https://registry.npmjs.org/body-parser/-/body-parser-1.20.4.tgz. Extracting by manifest.
667 silly tarball no local data for buffer-from@https://registry.npmjs.org/buffer-from/-/buffer-from-1.1.2.tgz. Extracting by manifest.
668 silly tarball no local data for buffer-equal-constant-time@https://registry.npmjs.org/buffer-equal-constant-time/-/buffer-equal-constant-time-1.0.1.tgz. Extracting by manifest.
669 silly tarball no local data for bowser@https://registry.npmjs.org/bowser/-/bowser-2.14.1.tgz. Extracting by manifest.
670 silly tarball no local data for bcrypt-pbkdf@https://registry.npmjs.org/bcrypt-pbkdf/-/bcrypt-pbkdf-1.0.2.tgz. Extracting by manifest.
671 silly tarball no local data for bluebird@https://registry.npmjs.org/bluebird/-/bluebird-3.7.2.tgz. Extracting by manifest.
672 silly tarball no local data for aws-sign2@https://registry.npmjs.org/aws-sign2/-/aws-sign2-0.7.0.tgz. Extracting by manifest.
673 silly tarball no local data for bignumber.js@https://registry.npmjs.org/bignumber.js/-/bignumber.js-9.3.1.tgz. Extracting by manifest.
674 silly tarball no local data for base64-js@https://registry.npmjs.org/base64-js/-/base64-js-1.5.1.tgz. Extracting by manifest.
675 silly tarball no local data for balanced-match@https://registry.npmjs.org/balanced-match/-/balanced-match-1.0.2.tgz. Extracting by manifest.
676 silly tarball no local data for bcryptjs@https://registry.npmjs.org/bcryptjs/-/bcryptjs-2.4.3.tgz. Extracting by manifest.
677 silly tarball no local data for aws4@https://registry.npmjs.org/aws4/-/aws4-1.13.2.tgz. Extracting by manifest.
678 silly tarball no local data for asynckit@https://registry.npmjs.org/asynckit/-/asynckit-0.4.0.tgz. Extracting by manifest.
679 silly tarball no local data for axios@https://registry.npmjs.org/axios/-/axios-1.15.2.tgz. Extracting by manifest.
680 silly tarball no local data for asn1@https://registry.npmjs.org/asn1/-/asn1-0.2.6.tgz. Extracting by manifest.
681 silly tarball no local data for assert-plus@https://registry.npmjs.org/assert-plus/-/assert-plus-1.0.0.tgz. Extracting by manifest.
682 silly tarball no local data for append-field@https://registry.npmjs.org/append-field/-/append-field-1.0.0.tgz. Extracting by manifest.
683 silly tarball no local data for array-flatten@https://registry.npmjs.org/array-flatten/-/array-flatten-1.1.1.tgz. Extracting by manifest.
684 silly tarball no local data for brace-expansion@https://registry.npmjs.org/brace-expansion/-/brace-expansion-1.1.14.tgz. Extracting by manifest.
685 silly tarball no local data for ansi-styles@https://registry.npmjs.org/ansi-styles/-/ansi-styles-4.3.0.tgz. Extracting by manifest.
686 silly tarball no local data for argparse@https://registry.npmjs.org/argparse/-/argparse-2.0.1.tgz. Extracting by manifest.
687 silly tarball no local data for acorn@https://registry.npmjs.org/acorn/-/acorn-8.16.0.tgz. Extracting by manifest.
688 silly tarball no local data for acorn-jsx@https://registry.npmjs.org/acorn-jsx/-/acorn-jsx-5.3.2.tgz. Extracting by manifest.
689 silly tarball no local data for ajv@https://registry.npmjs.org/ajv/-/ajv-6.15.0.tgz. Extracting by manifest.
690 silly tarball no local data for accepts@https://registry.npmjs.org/accepts/-/accepts-1.3.8.tgz. Extracting by manifest.
691 silly tarball no local data for agent-base@https://registry.npmjs.org/agent-base/-/agent-base-7.1.4.tgz. Extracting by manifest.
692 silly tarball no local data for ansi-regex@https://registry.npmjs.org/ansi-regex/-/ansi-regex-5.0.1.tgz. Extracting by manifest.
693 silly tarball no local data for @ungap/structured-clone@https://registry.npmjs.org/@ungap/structured-clone/-/structured-clone-1.3.0.tgz. Extracting by manifest.
694 silly tarball no local data for @types/webidl-conversions@https://registry.npmjs.org/@types/webidl-conversions/-/webidl-conversions-7.0.3.tgz. Extracting by manifest.
695 silly tarball no local data for @smithy/util-utf8@https://registry.npmjs.org/@smithy/util-utf8/-/util-utf8-4.2.2.tgz. Extracting by manifest.
696 silly tarball no local data for @types/whatwg-url@https://registry.npmjs.org/@types/whatwg-url/-/whatwg-url-11.0.5.tgz. Extracting by manifest.
697 silly tarball no local data for @smithy/util-waiter@https://registry.npmjs.org/@smithy/util-waiter/-/util-waiter-4.2.16.tgz. Extracting by manifest.
698 silly tarball no local data for @smithy/util-retry@https://registry.npmjs.org/@smithy/util-retry/-/util-retry-4.3.4.tgz. Extracting by manifest.
699 silly tarball no local data for @smithy/uuid@https://registry.npmjs.org/@smithy/uuid/-/uuid-1.1.2.tgz. Extracting by manifest.
700 silly tarball no local data for @smithy/util-uri-escape@https://registry.npmjs.org/@smithy/util-uri-escape/-/util-uri-escape-4.2.2.tgz. Extracting by manifest.
701 silly tarball no local data for @smithy/util-middleware@https://registry.npmjs.org/@smithy/util-middleware/-/util-middleware-4.2.14.tgz. Extracting by manifest.
702 silly tarball no local data for @smithy/util-defaults-mode-browser@https://registry.npmjs.org/@smithy/util-defaults-mode-browser/-/util-defaults-mode-browser-4.3.49.tgz. Extracting by manifest.
703 silly tarball no local data for @smithy/util-stream@https://registry.npmjs.org/@smithy/util-stream/-/util-stream-4.5.25.tgz. Extracting by manifest.
704 silly tarball no local data for @smithy/util-base64@https://registry.npmjs.org/@smithy/util-base64/-/util-base64-4.3.2.tgz. Extracting by manifest.
705 silly tarball no local data for @smithy/util-config-provider@https://registry.npmjs.org/@smithy/util-config-provider/-/util-config-provider-4.2.2.tgz. Extracting by manifest.
706 silly tarball no local data for @smithy/util-endpoints@https://registry.npmjs.org/@smithy/util-endpoints/-/util-endpoints-3.4.2.tgz. Extracting by manifest.
707 silly tarball no local data for @smithy/util-defaults-mode-node@https://registry.npmjs.org/@smithy/util-defaults-mode-node/-/util-defaults-mode-node-4.2.54.tgz. Extracting by manifest.
708 silly tarball no local data for @smithy/util-body-length-browser@https://registry.npmjs.org/@smithy/util-body-length-browser/-/util-body-length-browser-4.2.2.tgz. Extracting by manifest.
709 silly tarball no local data for @smithy/util-body-length-node@https://registry.npmjs.org/@smithy/util-body-length-node/-/util-body-length-node-4.2.3.tgz. Extracting by manifest.
710 silly tarball no local data for @smithy/util-hex-encoding@https://registry.npmjs.org/@smithy/util-hex-encoding/-/util-hex-encoding-4.2.2.tgz. Extracting by manifest.
711 silly tarball no local data for @smithy/url-parser@https://registry.npmjs.org/@smithy/url-parser/-/url-parser-4.2.14.tgz. Extracting by manifest.
712 silly tarball no local data for @smithy/types@https://registry.npmjs.org/@smithy/types/-/types-4.14.1.tgz. Extracting by manifest.
713 silly tarball no local data for @smithy/signature-v4@https://registry.npmjs.org/@smithy/signature-v4/-/signature-v4-5.3.14.tgz. Extracting by manifest.
714 silly tarball no local data for @smithy/smithy-client@https://registry.npmjs.org/@smithy/smithy-client/-/smithy-client-4.12.13.tgz. Extracting by manifest.
715 silly tarball no local data for @smithy/util-buffer-from@https://registry.npmjs.org/@smithy/util-buffer-from/-/util-buffer-from-4.2.2.tgz. Extracting by manifest.
716 silly tarball no local data for @smithy/property-provider@https://registry.npmjs.org/@smithy/property-provider/-/property-provider-4.2.14.tgz. Extracting by manifest.
717 silly tarball no local data for @smithy/querystring-parser@https://registry.npmjs.org/@smithy/querystring-parser/-/querystring-parser-4.2.14.tgz. Extracting by manifest.
718 silly tarball no local data for @smithy/shared-ini-file-loader@https://registry.npmjs.org/@smithy/shared-ini-file-loader/-/shared-ini-file-loader-4.4.9.tgz. Extracting by manifest.
719 silly tarball no local data for @smithy/protocol-http@https://registry.npmjs.org/@smithy/protocol-http/-/protocol-http-5.3.14.tgz. Extracting by manifest.
720 silly tarball no local data for @smithy/querystring-builder@https://registry.npmjs.org/@smithy/querystring-builder/-/querystring-builder-4.2.14.tgz. Extracting by manifest.
721 silly tarball no local data for @smithy/node-http-handler@https://registry.npmjs.org/@smithy/node-http-handler/-/node-http-handler-4.6.1.tgz. Extracting by manifest.
722 silly tarball no local data for @smithy/service-error-classification@https://registry.npmjs.org/@smithy/service-error-classification/-/service-error-classification-4.3.0.tgz. Extracting by manifest.
723 silly tarball no local data for @smithy/node-config-provider@https://registry.npmjs.org/@smithy/node-config-provider/-/node-config-provider-4.3.14.tgz. Extracting by manifest.
724 silly tarball no local data for @smithy/is-array-buffer@https://registry.npmjs.org/@smithy/is-array-buffer/-/is-array-buffer-4.2.2.tgz. Extracting by manifest.
725 silly tarball no local data for @smithy/middleware-stack@https://registry.npmjs.org/@smithy/middleware-stack/-/middleware-stack-4.2.14.tgz. Extracting by manifest.
726 silly tarball no local data for @smithy/middleware-content-length@https://registry.npmjs.org/@smithy/middleware-content-length/-/middleware-content-length-4.2.14.tgz. Extracting by manifest.
727 silly tarball no local data for @smithy/middleware-retry@https://registry.npmjs.org/@smithy/middleware-retry/-/middleware-retry-4.5.5.tgz. Extracting by manifest.
728 silly tarball no local data for @smithy/middleware-endpoint@https://registry.npmjs.org/@smithy/middleware-endpoint/-/middleware-endpoint-4.4.32.tgz. Extracting by manifest.
729 silly tarball no local data for @smithy/hash-stream-node@https://registry.npmjs.org/@smithy/hash-stream-node/-/hash-stream-node-4.2.14.tgz. Extracting by manifest.
730 silly tarball no local data for @smithy/fetch-http-handler@https://registry.npmjs.org/@smithy/fetch-http-handler/-/fetch-http-handler-5.3.17.tgz. Extracting by manifest.
731 silly tarball no local data for @smithy/hash-blob-browser@https://registry.npmjs.org/@smithy/hash-blob-browser/-/hash-blob-browser-4.2.15.tgz. Extracting by manifest.
732 silly tarball no local data for @smithy/middleware-serde@https://registry.npmjs.org/@smithy/middleware-serde/-/middleware-serde-4.2.20.tgz. Extracting by manifest.
733 silly tarball no local data for @smithy/md5-js@https://registry.npmjs.org/@smithy/md5-js/-/md5-js-4.2.14.tgz. Extracting by manifest.
734 silly tarball no local data for @smithy/invalid-dependency@https://registry.npmjs.org/@smithy/invalid-dependency/-/invalid-dependency-4.2.14.tgz. Extracting by manifest.
735 silly tarball no local data for @smithy/hash-node@https://registry.npmjs.org/@smithy/hash-node/-/hash-node-4.2.14.tgz. Extracting by manifest.
736 silly tarball no local data for @smithy/eventstream-serde-browser@https://registry.npmjs.org/@smithy/eventstream-serde-browser/-/eventstream-serde-browser-4.2.14.tgz. Extracting by manifest.
737 silly tarball no local data for @smithy/eventstream-serde-node@https://registry.npmjs.org/@smithy/eventstream-serde-node/-/eventstream-serde-node-4.2.14.tgz. Extracting by manifest.
738 silly tarball no local data for @smithy/eventstream-serde-config-resolver@https://registry.npmjs.org/@smithy/eventstream-serde-config-resolver/-/eventstream-serde-config-resolver-4.3.14.tgz. Extracting by manifest.
739 silly tarball no local data for @smithy/eventstream-codec@https://registry.npmjs.org/@smithy/eventstream-codec/-/eventstream-codec-4.2.14.tgz. Extracting by manifest.
740 silly tarball no local data for @smithy/eventstream-serde-universal@https://registry.npmjs.org/@smithy/eventstream-serde-universal/-/eventstream-serde-universal-4.2.14.tgz. Extracting by manifest.
741 silly tarball no local data for @smithy/credential-provider-imds@https://registry.npmjs.org/@smithy/credential-provider-imds/-/credential-provider-imds-4.2.14.tgz. Extracting by manifest.
742 silly tarball no local data for @smithy/config-resolver@https://registry.npmjs.org/@smithy/config-resolver/-/config-resolver-4.4.17.tgz. Extracting by manifest.
743 silly tarball no local data for @smithy/chunked-blob-reader-native@https://registry.npmjs.org/@smithy/chunked-blob-reader-native/-/chunked-blob-reader-native-4.2.3.tgz. Extracting by manifest.
744 silly tarball no local data for @smithy/core@https://registry.npmjs.org/@smithy/core/-/core-3.23.17.tgz. Extracting by manifest.
745 silly tarball no local data for @humanwhocodes/object-schema@https://registry.npmjs.org/@humanwhocodes/object-schema/-/object-schema-2.0.3.tgz. Extracting by manifest.
746 silly tarball no local data for @nodelib/fs.stat@https://registry.npmjs.org/@nodelib/fs.stat/-/fs.stat-2.0.5.tgz. Extracting by manifest.
747 silly tarball no local data for @nodelib/fs.walk@https://registry.npmjs.org/@nodelib/fs.walk/-/fs.walk-1.2.8.tgz. Extracting by manifest.
748 silly tarball no local data for @nodable/entities@https://registry.npmjs.org/@nodable/entities/-/entities-2.1.0.tgz. Extracting by manifest.
749 silly tarball no local data for @smithy/chunked-blob-reader@https://registry.npmjs.org/@smithy/chunked-blob-reader/-/chunked-blob-reader-5.2.2.tgz. Extracting by manifest.
750 silly tarball no local data for @mongodb-js/saslprep@https://registry.npmjs.org/@mongodb-js/saslprep/-/saslprep-1.4.9.tgz. Extracting by manifest.
751 silly tarball no local data for @humanwhocodes/module-importer@https://registry.npmjs.org/@humanwhocodes/module-importer/-/module-importer-1.0.1.tgz. Extracting by manifest.
752 silly tarball no local data for @humanwhocodes/config-array@https://registry.npmjs.org/@humanwhocodes/config-array/-/config-array-0.13.0.tgz. Extracting by manifest.
753 silly tarball no local data for @nodelib/fs.scandir@https://registry.npmjs.org/@nodelib/fs.scandir/-/fs.scandir-2.1.5.tgz. Extracting by manifest.
754 silly tarball no local data for @eslint/js@https://registry.npmjs.org/@eslint/js/-/js-8.57.1.tgz. Extracting by manifest.
755 silly tarball no local data for @getbrevo/brevo@https://registry.npmjs.org/@getbrevo/brevo/-/brevo-2.5.0.tgz. Extracting by manifest.
756 silly tarball no local data for @eslint/eslintrc@https://registry.npmjs.org/@eslint/eslintrc/-/eslintrc-2.1.4.tgz. Extracting by manifest.
757 silly tarball no local data for @aws-sdk/util-locate-window@https://registry.npmjs.org/@aws-sdk/util-locate-window/-/util-locate-window-3.965.5.tgz. Extracting by manifest.
758 silly tarball no local data for @aws-sdk/xml-builder@https://registry.npmjs.org/@aws-sdk/xml-builder/-/xml-builder-3.972.19.tgz. Extracting by manifest.
759 silly tarball no local data for @eslint-community/eslint-utils@https://registry.npmjs.org/@eslint-community/eslint-utils/-/eslint-utils-4.9.1.tgz. Extracting by manifest.
760 silly tarball no local data for @aws-sdk/util-user-agent-node@https://registry.npmjs.org/@aws-sdk/util-user-agent-node/-/util-user-agent-node-3.973.21.tgz. Extracting by manifest.
761 silly tarball no local data for @aws-sdk/util-format-url@https://registry.npmjs.org/@aws-sdk/util-format-url/-/util-format-url-3.972.10.tgz. Extracting by manifest.
762 silly tarball no local data for @eslint-community/regexpp@https://registry.npmjs.org/@eslint-community/regexpp/-/regexpp-4.12.2.tgz. Extracting by manifest.
763 silly tarball no local data for @aws-sdk/util-arn-parser@https://registry.npmjs.org/@aws-sdk/util-arn-parser/-/util-arn-parser-3.972.3.tgz. Extracting by manifest.
764 silly tarball no local data for @aws-sdk/types@https://registry.npmjs.org/@aws-sdk/types/-/types-3.973.8.tgz. Extracting by manifest.
765 silly tarball no local data for @aws/lambda-invoke-store@https://registry.npmjs.org/@aws/lambda-invoke-store/-/lambda-invoke-store-0.2.4.tgz. Extracting by manifest.
766 silly tarball no local data for @aws-sdk/util-endpoints@https://registry.npmjs.org/@aws-sdk/util-endpoints/-/util-endpoints-3.996.8.tgz. Extracting by manifest.
767 silly tarball no local data for @aws-sdk/token-providers@https://registry.npmjs.org/@aws-sdk/token-providers/-/token-providers-3.1036.0.tgz. Extracting by manifest.
768 silly tarball no local data for @aws-sdk/region-config-resolver@https://registry.npmjs.org/@aws-sdk/region-config-resolver/-/region-config-resolver-3.972.13.tgz. Extracting by manifest.
769 silly tarball no local data for @aws-sdk/util-user-agent-browser@https://registry.npmjs.org/@aws-sdk/util-user-agent-browser/-/util-user-agent-browser-3.972.10.tgz. Extracting by manifest.
770 silly tarball no local data for @aws-sdk/signature-v4-multi-region@https://registry.npmjs.org/@aws-sdk/signature-v4-multi-region/-/signature-v4-multi-region-3.996.22.tgz. Extracting by manifest.
771 silly tarball no local data for @aws-sdk/s3-request-presigner@https://registry.npmjs.org/@aws-sdk/s3-request-presigner/-/s3-request-presigner-3.1036.0.tgz. Extracting by manifest.
772 silly tarball no local data for @aws-sdk/nested-clients@https://registry.npmjs.org/@aws-sdk/nested-clients/-/nested-clients-3.997.3.tgz. Extracting by manifest.
773 silly tarball no local data for @aws-sdk/middleware-recursion-detection@https://registry.npmjs.org/@aws-sdk/middleware-recursion-detection/-/middleware-recursion-detection-3.972.11.tgz. Extracting by manifest.
774 silly tarball no local data for @aws-sdk/middleware-sdk-s3@https://registry.npmjs.org/@aws-sdk/middleware-sdk-s3/-/middleware-sdk-s3-3.972.34.tgz. Extracting by manifest.
775 silly tarball no local data for @aws-sdk/middleware-user-agent@https://registry.npmjs.org/@aws-sdk/middleware-user-agent/-/middleware-user-agent-3.972.35.tgz. Extracting by manifest.
776 silly tarball no local data for @aws-sdk/middleware-logger@https://registry.npmjs.org/@aws-sdk/middleware-logger/-/middleware-logger-3.972.10.tgz. Extracting by manifest.
777 silly tarball no local data for @aws-sdk/middleware-location-constraint@https://registry.npmjs.org/@aws-sdk/middleware-location-constraint/-/middleware-location-constraint-3.972.10.tgz. Extracting by manifest.
778 silly tarball no local data for @aws-sdk/middleware-expect-continue@https://registry.npmjs.org/@aws-sdk/middleware-expect-continue/-/middleware-expect-continue-3.972.10.tgz. Extracting by manifest.
779 silly tarball no local data for @aws-sdk/middleware-ssec@https://registry.npmjs.org/@aws-sdk/middleware-ssec/-/middleware-ssec-3.972.10.tgz. Extracting by manifest.
780 silly tarball no local data for @aws-sdk/middleware-host-header@https://registry.npmjs.org/@aws-sdk/middleware-host-header/-/middleware-host-header-3.972.10.tgz. Extracting by manifest.
781 silly tarball no local data for @aws-sdk/middleware-bucket-endpoint@https://registry.npmjs.org/@aws-sdk/middleware-bucket-endpoint/-/middleware-bucket-endpoint-3.972.10.tgz. Extracting by manifest.
782 silly tarball no local data for @aws-sdk/credential-provider-web-identity@https://registry.npmjs.org/@aws-sdk/credential-provider-web-identity/-/credential-provider-web-identity-3.972.35.tgz. Extracting by manifest.
783 silly tarball no local data for @aws-sdk/credential-provider-sso@https://registry.npmjs.org/@aws-sdk/credential-provider-sso/-/credential-provider-sso-3.972.35.tgz. Extracting by manifest.
784 silly tarball no local data for @aws-sdk/credential-provider-process@https://registry.npmjs.org/@aws-sdk/credential-provider-process/-/credential-provider-process-3.972.31.tgz. Extracting by manifest.
785 silly tarball no local data for @aws-sdk/credential-provider-node@https://registry.npmjs.org/@aws-sdk/credential-provider-node/-/credential-provider-node-3.972.36.tgz. Extracting by manifest.
786 silly tarball no local data for @aws-sdk/credential-provider-ini@https://registry.npmjs.org/@aws-sdk/credential-provider-ini/-/credential-provider-ini-3.972.35.tgz. Extracting by manifest.
787 silly tarball no local data for @aws-sdk/credential-provider-env@https://registry.npmjs.org/@aws-sdk/credential-provider-env/-/credential-provider-env-3.972.31.tgz. Extracting by manifest.
788 silly tarball no local data for @aws-sdk/credential-provider-login@https://registry.npmjs.org/@aws-sdk/credential-provider-login/-/credential-provider-login-3.972.35.tgz. Extracting by manifest.
789 silly tarball no local data for @aws-sdk/core@https://registry.npmjs.org/@aws-sdk/core/-/core-3.974.5.tgz. Extracting by manifest.
790 silly tarball no local data for @aws-sdk/client-s3@https://registry.npmjs.org/@aws-sdk/client-s3/-/client-s3-3.1036.0.tgz. Extracting by manifest.
791 silly tarball no local data for @aws-crypto/util@https://registry.npmjs.org/@aws-crypto/util/-/util-5.2.0.tgz. Extracting by manifest.
792 silly tarball no local data for @aws-sdk/credential-provider-http@https://registry.npmjs.org/@aws-sdk/credential-provider-http/-/credential-provider-http-3.972.33.tgz. Extracting by manifest.
793 silly tarball no local data for @aws-crypto/supports-web-crypto@https://registry.npmjs.org/@aws-crypto/supports-web-crypto/-/supports-web-crypto-5.2.0.tgz. Extracting by manifest.
794 silly tarball no local data for @aws-sdk/crc64-nvme@https://registry.npmjs.org/@aws-sdk/crc64-nvme/-/crc64-nvme-3.972.7.tgz. Extracting by manifest.
795 silly tarball no local data for @aws-crypto/sha256-browser@https://registry.npmjs.org/@aws-crypto/sha256-browser/-/sha256-browser-5.2.0.tgz. Extracting by manifest.
796 silly tarball no local data for @aws-crypto/sha1-browser@https://registry.npmjs.org/@aws-crypto/sha1-browser/-/sha1-browser-5.2.0.tgz. Extracting by manifest.
797 silly tarball no local data for core-util-is@https://registry.npmjs.org/core-util-is/-/core-util-is-1.0.2.tgz. Extracting by manifest.
798 silly tarball no local data for @aws-crypto/sha256-js@https://registry.npmjs.org/@aws-crypto/sha256-js/-/sha256-js-5.2.0.tgz. Extracting by manifest.
799 silly tarball no local data for @aws-crypto/crc32c@https://registry.npmjs.org/@aws-crypto/crc32c/-/crc32c-5.2.0.tgz. Extracting by manifest.
800 silly tarball no local data for @aws-crypto/crc32@https://registry.npmjs.org/@aws-crypto/crc32/-/crc32-5.2.0.tgz. Extracting by manifest.
801 silly tarball no local data for @aws-sdk/middleware-flexible-checksums@https://registry.npmjs.org/@aws-sdk/middleware-flexible-checksums/-/middleware-flexible-checksums-3.974.13.tgz. Extracting by manifest.
802 silly tarball no local data for https-proxy-agent@https://registry.npmjs.org/https-proxy-agent/-/https-proxy-agent-5.0.1.tgz. Extracting by manifest.
803 silly tarball no local data for ms@https://registry.npmjs.org/ms/-/ms-2.1.3.tgz. Extracting by manifest.
804 silly tarball no local data for agent-base@https://registry.npmjs.org/agent-base/-/agent-base-6.0.2.tgz. Extracting by manifest.
805 silly tarball no local data for debug@https://registry.npmjs.org/debug/-/debug-4.4.3.tgz. Extracting by manifest.
806 silly tarball no local data for uuid@https://registry.npmjs.org/uuid/-/uuid-3.4.0.tgz. Extracting by manifest.
807 silly tarball no local data for qs@https://registry.npmjs.org/qs/-/qs-6.5.5.tgz. Extracting by manifest.
808 silly tarball no local data for ms@https://registry.npmjs.org/ms/-/ms-2.1.3.tgz. Extracting by manifest.
809 silly tarball no local data for ms@https://registry.npmjs.org/ms/-/ms-2.1.3.tgz. Extracting by manifest.
810 silly tarball no local data for safe-buffer@https://registry.npmjs.org/safe-buffer/-/safe-buffer-5.1.2.tgz. Extracting by manifest.
811 silly tarball no local data for mongodb@https://registry.npmjs.org/mongodb/-/mongodb-6.20.0.tgz. Extracting by manifest.
812 silly tarball no local data for whatwg-url@https://registry.npmjs.org/whatwg-url/-/whatwg-url-14.2.0.tgz. Extracting by manifest.
813 silly tarball no local data for webidl-conversions@https://registry.npmjs.org/webidl-conversions/-/webidl-conversions-7.0.0.tgz. Extracting by manifest.
814 silly tarball no local data for ms@https://registry.npmjs.org/ms/-/ms-2.1.3.tgz. Extracting by manifest.
815 silly tarball no local data for debug@https://registry.npmjs.org/debug/-/debug-4.4.3.tgz. Extracting by manifest.
816 silly tarball no local data for tr46@https://registry.npmjs.org/tr46/-/tr46-5.1.1.tgz. Extracting by manifest.
817 silly tarball no local data for safe-buffer@https://registry.npmjs.org/safe-buffer/-/safe-buffer-5.1.2.tgz. Extracting by manifest.
818 silly tarball no local data for ms@https://registry.npmjs.org/ms/-/ms-2.1.3.tgz. Extracting by manifest.
819 silly tarball no local data for ms@https://registry.npmjs.org/ms/-/ms-2.1.3.tgz. Extracting by manifest.
820 silly tarball no local data for ms@https://registry.npmjs.org/ms/-/ms-2.1.3.tgz. Extracting by manifest.
821 silly tarball no local data for debug@https://registry.npmjs.org/debug/-/debug-4.4.3.tgz. Extracting by manifest.
822 silly tarball no local data for debug@https://registry.npmjs.org/debug/-/debug-4.4.3.tgz. Extracting by manifest.
823 silly tarball no local data for form-data@https://registry.npmjs.org/form-data/-/form-data-4.0.5.tgz. Extracting by manifest.
824 silly tarball no local data for debug@https://registry.npmjs.org/debug/-/debug-4.4.3.tgz. Extracting by manifest.
825 silly tarball no local data for ms@https://registry.npmjs.org/ms/-/ms-2.1.3.tgz. Extracting by manifest.
826 silly tarball no local data for @smithy/util-utf8@https://registry.npmjs.org/@smithy/util-utf8/-/util-utf8-2.3.0.tgz. Extracting by manifest.
827 silly tarball no local data for ms@https://registry.npmjs.org/ms/-/ms-2.1.3.tgz. Extracting by manifest.
828 silly tarball no local data for @smithy/util-utf8@https://registry.npmjs.org/@smithy/util-utf8/-/util-utf8-2.3.0.tgz. Extracting by manifest.
829 silly tarball no local data for @smithy/is-array-buffer@https://registry.npmjs.org/@smithy/is-array-buffer/-/is-array-buffer-2.2.0.tgz. Extracting by manifest.
830 silly tarball no local data for @smithy/is-array-buffer@https://registry.npmjs.org/@smithy/is-array-buffer/-/is-array-buffer-2.2.0.tgz. Extracting by manifest.
831 silly tarball no local data for debug@https://registry.npmjs.org/debug/-/debug-4.4.3.tgz. Extracting by manifest.
832 silly tarball no local data for @smithy/util-buffer-from@https://registry.npmjs.org/@smithy/util-buffer-from/-/util-buffer-from-2.2.0.tgz. Extracting by manifest.
833 silly tarball no local data for @smithy/util-buffer-from@https://registry.npmjs.org/@smithy/util-buffer-from/-/util-buffer-from-2.2.0.tgz. Extracting by manifest.
834 silly tarball no local data for @smithy/util-buffer-from@https://registry.npmjs.org/@smithy/util-buffer-from/-/util-buffer-from-2.2.0.tgz. Extracting by manifest.
835 silly tarball no local data for @smithy/util-utf8@https://registry.npmjs.org/@smithy/util-utf8/-/util-utf8-2.3.0.tgz. Extracting by manifest.
836 silly tarball no local data for @smithy/is-array-buffer@https://registry.npmjs.org/@smithy/is-array-buffer/-/is-array-buffer-2.2.0.tgz. Extracting by manifest.
837 http fetch GET 200 https://registry.npmjs.org/which/-/which-2.0.2.tgz 227ms (cache miss)
838 http fetch GET 200 https://registry.npmjs.org/yocto-queue/-/yocto-queue-0.1.0.tgz 229ms (cache miss)
839 http fetch GET 200 https://registry.npmjs.org/wrappy/-/wrappy-1.0.2.tgz 229ms (cache miss)
840 http fetch GET 200 https://registry.npmjs.org/xtend/-/xtend-4.0.2.tgz 230ms (cache miss)
841 http fetch GET 200 https://registry.npmjs.org/util-deprecate/-/util-deprecate-1.0.2.tgz 259ms (cache miss)
842 http fetch GET 200 https://registry.npmjs.org/typedarray/-/typedarray-0.0.6.tgz 274ms (cache miss)
843 http fetch GET 200 https://registry.npmjs.org/utils-merge/-/utils-merge-1.0.1.tgz 282ms (cache miss)
844 http fetch GET 200 https://registry.npmjs.org/vary/-/vary-1.1.2.tgz 292ms (cache miss)
845 http fetch GET 200 https://registry.npmjs.org/xmlbuilder/-/xmlbuilder-13.0.2.tgz 309ms (cache miss)
846 http fetch GET 200 https://registry.npmjs.org/toidentifier/-/toidentifier-1.0.1.tgz 362ms (cache miss)
847 http fetch GET 200 https://registry.npmjs.org/npm 531ms
848 http fetch GET 200 https://registry.npmjs.org/webidl-conversions/-/webidl-conversions-3.0.1.tgz 398ms (cache miss)
849 http fetch GET 200 https://registry.npmjs.org/tunnel-agent/-/tunnel-agent-0.6.0.tgz 394ms (cache miss)
850 http fetch GET 200 https://registry.npmjs.org/word-wrap/-/word-wrap-1.2.5.tgz 400ms (cache miss)
851 http fetch GET 200 https://registry.npmjs.org/type-is/-/type-is-1.6.18.tgz 394ms (cache miss)
852 http fetch GET 200 https://registry.npmjs.org/uuid/-/uuid-9.0.1.tgz 396ms (cache miss)
853 http fetch GET 200 https://registry.npmjs.org/type-fest/-/type-fest-0.20.2.tgz 403ms (cache miss)
854 http fetch GET 200 https://registry.npmjs.org/uri-js/-/uri-js-4.4.1.tgz 404ms (cache miss)
855 http fetch GET 200 https://registry.npmjs.org/tslib/-/tslib-2.8.1.tgz 425ms (cache miss)
856 http fetch GET 200 https://registry.npmjs.org/verror/-/verror-1.10.0.tgz 485ms (cache miss)
857 http fetch GET 200 https://registry.npmjs.org/supports-color/-/supports-color-7.2.0.tgz 517ms (cache miss)
858 http fetch GET 200 https://registry.npmjs.org/strnum/-/strnum-2.2.3.tgz 517ms (cache miss)
859 http fetch GET 200 https://registry.npmjs.org/strip-ansi/-/strip-ansi-6.0.1.tgz 520ms (cache miss)
860 http fetch GET 200 https://registry.npmjs.org/unpipe/-/unpipe-1.0.0.tgz 527ms (cache miss)
861 http fetch GET 200 https://registry.npmjs.org/tough-cookie/-/tough-cookie-2.5.0.tgz 555ms (cache miss)
862 http fetch GET 200 https://registry.npmjs.org/string_decoder/-/string_decoder-1.1.1.tgz 566ms (cache miss)
863 http fetch GET 200 https://registry.npmjs.org/validator/-/validator-13.15.35.tgz 569ms (cache miss)
864 http fetch GET 200 https://registry.npmjs.org/streamsearch/-/streamsearch-1.1.0.tgz 580ms (cache miss)
865 http fetch GET 200 https://registry.npmjs.org/sparse-bitfield/-/sparse-bitfield-3.0.3.tgz 580ms (cache miss)
866 http fetch GET 200 https://registry.npmjs.org/strip-json-comments/-/strip-json-comments-3.1.1.tgz 580ms (cache miss)
867 http fetch GET 200 https://registry.npmjs.org/side-channel-map/-/side-channel-map-1.0.1.tgz 666ms (cache miss)
868 http fetch GET 200 https://registry.npmjs.org/statuses/-/statuses-2.0.2.tgz 676ms (cache miss)
869 http fetch POST 200 https://registry.npmjs.org/-/npm/v1/security/advisories/bulk 795ms
870 silly audit report {
870 silly audit report   'form-data': [
870 silly audit report     {
870 silly audit report       id: 1109540,
870 silly audit report       url: 'https://github.com/advisories/GHSA-fjxv-7rqg-78g4',
870 silly audit report       title: 'form-data uses unsafe random function in form-data for choosing boundary',
870 silly audit report       severity: 'critical',
870 silly audit report       vulnerable_versions: '<2.5.4',
870 silly audit report       cwe: [Array],
870 silly audit report       cvss: [Object]
870 silly audit report     }
870 silly audit report   ],
870 silly audit report   qs: [
870 silly audit report     {
870 silly audit report       id: 1113719,
870 silly audit report       url: 'https://github.com/advisories/GHSA-6rw7-vpxm-498p',
870 silly audit report       title: "qs's arrayLimit bypass in its bracket notation allows DoS via memory exhaustion",
870 silly audit report       severity: 'moderate',
870 silly audit report       vulnerable_versions: '<6.14.1',
870 silly audit report       cwe: [Array],
870 silly audit report       cvss: [Object]
870 silly audit report     }
870 silly audit report   ],
870 silly audit report   request: [
870 silly audit report     {
870 silly audit report       id: 1096727,
870 silly audit report       url: 'https://github.com/advisories/GHSA-p8p7-x288-28g6',
870 silly audit report       title: 'Server-Side Request Forgery in Request',
870 silly audit report       severity: 'moderate',
870 silly audit report       vulnerable_versions: '<=2.88.2',
870 silly audit report       cwe: [Array],
870 silly audit report       cvss: [Object]
870 silly audit report     }
870 silly audit report   ],
870 silly audit report   uuid: [
870 silly audit report     {
870 silly audit report       id: 1116970,
870 silly audit report       url: 'https://github.com/advisories/GHSA-w5hq-g745-h8pq',
870 silly audit report       title: 'uuid: Missing buffer bounds check in v3/v5/v6 when buf is provided',
870 silly audit report       severity: 'moderate',
870 silly audit report       vulnerable_versions: '<14.0.0',
870 silly audit report       cwe: [Array],
870 silly audit report       cvss: [Object]
870 silly audit report     }
870 silly audit report   ],
870 silly audit report   'tough-cookie': [
870 silly audit report     {
870 silly audit report       id: 1097682,
870 silly audit report       url: 'https://github.com/advisories/GHSA-72xf-g2v4-qvf3',
870 silly audit report       title: 'tough-cookie Prototype Pollution vulnerability',
870 silly audit report       severity: 'moderate',
870 silly audit report       vulnerable_versions: '<4.1.3',
870 silly audit report       cwe: [Array],
870 silly audit report       cvss: [Object]
870 silly audit report     }
870 silly audit report   ]
870 silly audit report }
871 silly packumentCache corgi:https://registry.npmjs.org/form-data cache-miss
872 silly packumentCache corgi:https://registry.npmjs.org/qs cache-miss
873 silly packumentCache corgi:https://registry.npmjs.org/request cache-miss
874 silly packumentCache corgi:https://registry.npmjs.org/uuid cache-miss
875 silly packumentCache corgi:https://registry.npmjs.org/tough-cookie cache-miss
876 http fetch GET 200 https://registry.npmjs.org/side-channel-weakmap/-/side-channel-weakmap-1.0.2.tgz 750ms (cache miss)
877 http fetch GET 200 https://registry.npmjs.org/tr46/-/tr46-0.0.3.tgz 756ms (cache miss)
878 http fetch GET 200 https://registry.npmjs.org/type-check/-/type-check-0.4.0.tgz 793ms (cache miss)
879 http fetch GET 200 https://registry.npmjs.org/shebang-command/-/shebang-command-2.0.0.tgz 869ms (cache miss)
880 http fetch GET 200 https://registry.npmjs.org/run-parallel/-/run-parallel-1.2.0.tgz 873ms (cache miss)
881 http fetch GET 200 https://registry.npmjs.org/side-channel-list/-/side-channel-list-1.0.1.tgz 880ms (cache miss)
882 http fetch GET 200 https://registry.npmjs.org/scmp/-/scmp-2.1.0.tgz 910ms (cache miss)
883 warn deprecated scmp@2.1.0: Just use Node.js's crypto.timingSafeEqual()
884 http fetch GET 200 https://registry.npmjs.org/text-table/-/text-table-0.2.0.tgz 925ms (cache miss)
885 http fetch GET 200 https://registry.npmjs.org/rimraf/-/rimraf-3.0.2.tgz 963ms (cache miss)
886 warn deprecated rimraf@3.0.2: Rimraf versions prior to v4 are no longer supported
887 http fetch GET 200 https://registry.npmjs.org/twilio/-/twilio-5.13.1.tgz 989ms (cache miss)
888 http fetch GET 200 https://registry.npmjs.org/shebang-regex/-/shebang-regex-3.0.0.tgz 1019ms (cache miss)
889 http fetch GET 200 https://registry.npmjs.org/setprototypeof/-/setprototypeof-1.2.0.tgz 1025ms (cache miss)
890 http fetch GET 200 https://registry.npmjs.org/side-channel/-/side-channel-1.1.0.tgz 1041ms (cache miss)
891 http fetch GET 200 https://registry.npmjs.org/safe-buffer/-/safe-buffer-5.2.1.tgz 1051ms (cache miss)
892 http fetch GET 200 https://registry.npmjs.org/sift/-/sift-17.1.3.tgz 1075ms (cache miss)
893 http fetch GET 200 https://registry.npmjs.org/whatwg-url/-/whatwg-url-5.0.0.tgz 1085ms (cache miss)
894 http fetch GET 200 https://registry.npmjs.org/request/-/request-2.88.2.tgz 1208ms (cache miss)
895 warn deprecated request@2.88.2: request has been deprecated, see https://github.com/request/request/issues/3142
896 http fetch GET 200 https://registry.npmjs.org/range-parser/-/range-parser-1.2.1.tgz 1228ms (cache miss)
897 http fetch GET 200 https://registry.npmjs.org/raw-body/-/raw-body-2.5.3.tgz 1264ms (cache miss)
898 http fetch GET 200 https://registry.npmjs.org/rewire/-/rewire-7.0.0.tgz 1284ms (cache miss)
899 http fetch GET 200 https://registry.npmjs.org/send/-/send-0.19.2.tgz 1312ms (cache miss)
900 http fetch GET 200 https://registry.npmjs.org/queue-microtask/-/queue-microtask-1.2.3.tgz 1341ms (cache miss)
901 http fetch GET 200 https://registry.npmjs.org/process-nextick-args/-/process-nextick-args-2.0.1.tgz 1341ms (cache miss)
902 http fetch GET 200 https://registry.npmjs.org/sshpk/-/sshpk-1.18.0.tgz 1345ms (cache miss)
903 http fetch GET 200 https://registry.npmjs.org/resolve-from/-/resolve-from-4.0.0.tgz 1349ms (cache miss)
904 http fetch GET 200 https://registry.npmjs.org/readable-stream/-/readable-stream-2.3.8.tgz 1358ms (cache miss)
905 http fetch GET 200 https://registry.npmjs.org/proxy-addr/-/proxy-addr-2.0.7.tgz 1366ms (cache miss)
906 http fetch GET 200 https://registry.npmjs.org/qs/-/qs-6.14.2.tgz 1372ms (cache miss)
907 http fetch GET 200 https://registry.npmjs.org/performance-now/-/performance-now-2.1.0.tgz 1389ms (cache miss)
908 http fetch GET 200 https://registry.npmjs.org/stripe/-/stripe-22.1.0.tgz 1405ms (cache miss)
909 http fetch GET 200 https://registry.npmjs.org/path-key/-/path-key-3.1.1.tgz 1404ms (cache miss)
910 http fetch GET 200 https://registry.npmjs.org/path-is-absolute/-/path-is-absolute-1.0.1.tgz 1417ms (cache miss)
911 http fetch GET 200 https://registry.npmjs.org/reusify/-/reusify-1.1.0.tgz 1419ms (cache miss)
912 http fetch GET 200 https://registry.npmjs.org/p-locate/-/p-locate-5.0.0.tgz 1419ms (cache miss)
913 http fetch GET 200 https://registry.npmjs.org/prelude-ls/-/prelude-ls-1.2.1.tgz 1423ms (cache miss)
914 http fetch GET 200 https://registry.npmjs.org/proxy-from-env/-/proxy-from-env-2.1.0.tgz 1431ms (cache miss)
915 http fetch GET 200 https://registry.npmjs.org/parseurl/-/parseurl-1.3.3.tgz 1438ms (cache miss)
916 http fetch GET 200 https://registry.npmjs.org/path-exists/-/path-exists-4.0.0.tgz 1444ms (cache miss)
917 http fetch GET 200 https://registry.npmjs.org/parent-module/-/parent-module-1.0.1.tgz 1449ms (cache miss)
918 http fetch GET 200 https://registry.npmjs.org/punycode/-/punycode-2.3.1.tgz 1453ms (cache miss)
919 http fetch GET 200 https://registry.npmjs.org/p-limit/-/p-limit-3.1.0.tgz 1467ms (cache miss)
920 http fetch GET 200 https://registry.npmjs.org/path-to-regexp/-/path-to-regexp-0.1.13.tgz 1467ms (cache miss)
921 http fetch GET 200 https://registry.npmjs.org/once/-/once-1.4.0.tgz 1474ms (cache miss)
922 http fetch GET 200 https://registry.npmjs.org/object-inspect/-/object-inspect-1.13.4.tgz 1493ms (cache miss)
923 http fetch GET 200 https://registry.npmjs.org/oauth-sign/-/oauth-sign-0.9.0.tgz 1502ms (cache miss)
924 http fetch GET 200 https://registry.npmjs.org/multer/-/multer-1.4.5-lts.2.tgz 1503ms (cache miss)
925 http fetch GET 200 https://registry.npmjs.org/object-assign/-/object-assign-4.1.1.tgz 1504ms (cache miss)
926 warn deprecated multer@1.4.5-lts.2: Multer 1.x is impacted by a number of vulnerabilities, which have been patched in 2.x. You should upgrade to the latest 2.x version.
927 http fetch GET 200 https://registry.npmjs.org/on-finished/-/on-finished-2.4.1.tgz 1509ms (cache miss)
928 http fetch GET 200 https://registry.npmjs.org/ms/-/ms-2.0.0.tgz 1518ms (cache miss)
929 http fetch GET 200 https://registry.npmjs.org/optionator/-/optionator-0.9.4.tgz 1519ms (cache miss)
930 http fetch GET 200 https://registry.npmjs.org/negotiator/-/negotiator-0.6.3.tgz 1532ms (cache miss)
931 http fetch GET 200 https://registry.npmjs.org/path-expression-matcher/-/path-expression-matcher-1.5.0.tgz 1541ms (cache miss)
932 http fetch GET 200 https://registry.npmjs.org/mpath/-/mpath-0.9.0.tgz 1540ms (cache miss)
933 http fetch GET 200 https://registry.npmjs.org/minimatch/-/minimatch-3.1.5.tgz 1564ms (cache miss)
934 http fetch GET 200 https://registry.npmjs.org/mongodb-connection-string-url/-/mongodb-connection-string-url-3.0.2.tgz 1564ms (cache miss)
935 http fetch GET 200 https://registry.npmjs.org/semver/-/semver-7.7.4.tgz 1603ms (cache miss)
936 http fetch GET 200 https://registry.npmjs.org/mime/-/mime-1.6.0.tgz 1602ms (cache miss)
937 http fetch GET 200 https://registry.npmjs.org/tweetnacl/-/tweetnacl-0.14.5.tgz 1622ms (cache miss)
938 http fetch GET 200 https://registry.npmjs.org/serve-static/-/serve-static-1.16.3.tgz 1624ms (cache miss)
939 http fetch GET 200 https://registry.npmjs.org/merge-descriptors/-/merge-descriptors-1.0.3.tgz 1621ms (cache miss)
940 http fetch GET 200 https://registry.npmjs.org/methods/-/methods-1.1.2.tgz 1632ms (cache miss)
941 http fetch GET 200 https://registry.npmjs.org/node-fetch/-/node-fetch-2.7.0.tgz 1642ms (cache miss)
942 http fetch GET 200 https://registry.npmjs.org/natural-compare/-/natural-compare-1.4.0.tgz 1649ms (cache miss)
943 http fetch GET 200 https://registry.npmjs.org/mime-types/-/mime-types-2.1.35.tgz 1654ms (cache miss)
944 http fetch GET 200 https://registry.npmjs.org/math-intrinsics/-/math-intrinsics-1.1.0.tgz 1659ms (cache miss)
945 http fetch GET 200 https://registry.npmjs.org/mime-db/-/mime-db-1.52.0.tgz 1665ms (cache miss)
946 http fetch GET 200 https://registry.npmjs.org/lodash.isplainobject/-/lodash.isplainobject-4.0.6.tgz 1690ms (cache miss)
947 http fetch GET 200 https://registry.npmjs.org/media-typer/-/media-typer-0.3.0.tgz 1692ms (cache miss)
948 http fetch GET 200 https://registry.npmjs.org/minimist/-/minimist-1.2.8.tgz 1699ms (cache miss)
949 http fetch GET 200 https://registry.npmjs.org/memory-pager/-/memory-pager-1.5.0.tgz 1714ms (cache miss)
950 http fetch GET 200 https://registry.npmjs.org/lodash.isinteger/-/lodash.isinteger-4.0.4.tgz 1715ms (cache miss)
951 http fetch GET 200 https://registry.npmjs.org/lodash.isstring/-/lodash.isstring-4.0.1.tgz 1729ms (cache miss)
952 http fetch GET 200 https://registry.npmjs.org/lodash.merge/-/lodash.merge-4.6.2.tgz 1802ms (cache miss)
953 http fetch GET 200 https://registry.npmjs.org/keyv/-/keyv-4.5.4.tgz 1831ms (cache miss)
954 http fetch GET 200 https://registry.npmjs.org/levn/-/levn-0.4.1.tgz 1831ms (cache miss)
955 http fetch GET 200 https://registry.npmjs.org/safer-buffer/-/safer-buffer-2.1.2.tgz 1847ms (cache miss)
956 http fetch GET 200 https://registry.npmjs.org/kareem/-/kareem-2.6.3.tgz 1852ms (cache miss)
957 http fetch GET 200 https://registry.npmjs.org/mongoose/-/mongoose-8.23.1.tgz 1868ms (cache miss)
958 http fetch GET 200 https://registry.npmjs.org/jws/-/jws-4.0.1.tgz 1870ms (cache miss)
959 http fetch GET 200 https://registry.npmjs.org/jsprim/-/jsprim-1.4.2.tgz 1888ms (cache miss)
960 http fetch GET 200 https://registry.npmjs.org/json-stable-stringify-without-jsonify/-/json-stable-stringify-without-jsonify-1.0.1.tgz 1932ms (cache miss)
961 http fetch GET 200 https://registry.npmjs.org/json-stringify-safe/-/json-stringify-safe-5.0.1.tgz 1938ms (cache miss)
962 http fetch GET 200 https://registry.npmjs.org/mkdirp/-/mkdirp-0.5.6.tgz 1954ms (cache miss)
963 http fetch GET 200 https://registry.npmjs.org/lodash.once/-/lodash.once-4.1.1.tgz 1959ms (cache miss)
964 http fetch GET 200 https://registry.npmjs.org/js-yaml/-/js-yaml-4.1.1.tgz 1955ms (cache miss)
965 http fetch GET 200 https://registry.npmjs.org/mquery/-/mquery-5.0.0.tgz 1968ms (cache miss)
966 http fetch GET 200 https://registry.npmjs.org/lodash.isnumber/-/lodash.isnumber-3.0.3.tgz 1967ms (cache miss)
967 http fetch GET 200 https://registry.npmjs.org/lodash/-/lodash-4.18.1.tgz 1966ms (cache miss)
968 http fetch GET 200 https://registry.npmjs.org/jwa/-/jwa-2.0.1.tgz 1972ms (cache miss)
969 http fetch GET 200 https://registry.npmjs.org/jsonwebtoken/-/jsonwebtoken-9.0.3.tgz 1987ms (cache miss)
970 http fetch GET 200 https://registry.npmjs.org/json-bigint/-/json-bigint-1.0.0.tgz 1987ms (cache miss)
971 http fetch GET 200 https://registry.npmjs.org/lodash.isboolean/-/lodash.isboolean-3.0.3.tgz 1997ms (cache miss)
972 http fetch GET 200 https://registry.npmjs.org/isstream/-/isstream-0.1.2.tgz 2006ms (cache miss)
973 http fetch GET 200 https://registry.npmjs.org/isexe/-/isexe-2.0.0.tgz 2007ms (cache miss)
974 http fetch GET 200 https://registry.npmjs.org/json-schema/-/json-schema-0.4.0.tgz 2006ms (cache miss)
975 http fetch GET 200 https://registry.npmjs.org/is-typedarray/-/is-typedarray-1.0.0.tgz 2010ms (cache miss)
976 http fetch GET 200 https://registry.npmjs.org/isarray/-/isarray-1.0.0.tgz 2016ms (cache miss)
977 http fetch GET 200 https://registry.npmjs.org/json-buffer/-/json-buffer-3.0.1.tgz 2025ms (cache miss)
978 http fetch GET 200 https://registry.npmjs.org/is-stream/-/is-stream-2.0.1.tgz 2025ms (cache miss)
979 http fetch GET 200 https://registry.npmjs.org/is-extglob/-/is-extglob-2.1.1.tgz 2034ms (cache miss)
980 http fetch GET 200 https://registry.npmjs.org/jsbn/-/jsbn-0.1.1.tgz 2043ms (cache miss)
981 http fetch GET 200 https://registry.npmjs.org/import-fresh/-/import-fresh-3.3.1.tgz 2046ms (cache miss)
982 http fetch GET 200 https://registry.npmjs.org/is-path-inside/-/is-path-inside-3.0.3.tgz 2051ms (cache miss)
983 http fetch GET 200 https://registry.npmjs.org/inflight/-/inflight-1.0.6.tgz 2052ms (cache miss)
984 warn deprecated inflight@1.0.6: This module is not supported, and leaks memory. Do not use it. Check out lru-cache if you want a good and tested way to coalesce async requests by a key value, which is much more comprehensive and powerful.
985 http fetch GET 200 https://registry.npmjs.org/is-glob/-/is-glob-4.0.3.tgz 2060ms (cache miss)
986 http fetch GET 200 https://registry.npmjs.org/ipaddr.js/-/ipaddr.js-1.9.1.tgz 2059ms (cache miss)
987 http fetch GET 200 https://registry.npmjs.org/inherits/-/inherits-2.0.4.tgz 2060ms (cache miss)
988 http fetch GET 200 https://registry.npmjs.org/ignore/-/ignore-5.3.2.tgz 2068ms (cache miss)
989 http fetch GET 200 https://registry.npmjs.org/imurmurhash/-/imurmurhash-0.1.4.tgz 2077ms (cache miss)
990 http fetch GET 200 https://registry.npmjs.org/https-proxy-agent/-/https-proxy-agent-7.0.6.tgz 2084ms (cache miss)
991 http fetch GET 200 https://registry.npmjs.org/lodash.includes/-/lodash.includes-4.3.0.tgz 2101ms (cache miss)
992 http fetch GET 200 https://registry.npmjs.org/has-flag/-/has-flag-4.0.0.tgz 2105ms (cache miss)
993 http fetch GET 200 https://registry.npmjs.org/http-errors/-/http-errors-2.0.1.tgz 2109ms (cache miss)
994 http fetch GET 200 https://registry.npmjs.org/has-tostringtag/-/has-tostringtag-1.0.2.tgz 2110ms (cache miss)
995 http fetch GET 200 https://registry.npmjs.org/gtoken/-/gtoken-7.1.0.tgz 2114ms (cache miss)
996 http fetch GET 200 https://registry.npmjs.org/hasown/-/hasown-2.0.3.tgz 2117ms (cache miss)
997 http fetch GET 200 https://registry.npmjs.org/har-validator/-/har-validator-5.1.5.tgz 2120ms (cache miss)
998 warn deprecated har-validator@5.1.5: this library is no longer supported
999 http fetch GET 200 https://registry.npmjs.org/has-symbols/-/has-symbols-1.1.0.tgz 2122ms (cache miss)
1000 http fetch GET 200 https://registry.npmjs.org/gopd/-/gopd-1.2.0.tgz 2131ms (cache miss)
1001 http fetch GET 200 https://registry.npmjs.org/globals/-/globals-13.24.0.tgz 2165ms (cache miss)
1002 http fetch GET 200 https://registry.npmjs.org/get-intrinsic/-/get-intrinsic-1.3.0.tgz 2190ms (cache miss)
1003 http fetch GET 200 https://registry.npmjs.org/http-signature/-/http-signature-1.2.0.tgz 2192ms (cache miss)
1004 http fetch GET 200 https://registry.npmjs.org/json-schema-traverse/-/json-schema-traverse-0.4.1.tgz 2196ms (cache miss)
1005 http fetch GET 200 https://registry.npmjs.org/glob-parent/-/glob-parent-6.0.2.tgz 2193ms (cache miss)
1006 http fetch GET 200 https://registry.npmjs.org/function-bind/-/function-bind-1.1.2.tgz 2196ms (cache miss)
1007 http fetch GET 200 https://registry.npmjs.org/locate-path/-/locate-path-6.0.0.tgz 2214ms (cache miss)
1008 http fetch GET 200 https://registry.npmjs.org/glob/-/glob-7.2.3.tgz 2224ms (cache miss)
1009 warn deprecated glob@7.2.3: Old versions of glob are not supported, and contain widely publicized security vulnerabilities, which have been fixed in the current version. Please update. Support for old versions may be purchased (at exorbitant rates) by contacting i@izs.me
1010 http fetch GET 200 https://registry.npmjs.org/getpass/-/getpass-0.1.7.tgz 2227ms (cache miss)
1011 http fetch GET 200 https://registry.npmjs.org/google-auth-library/-/google-auth-library-9.15.1.tgz 2233ms (cache miss)
1012 http fetch GET 200 https://registry.npmjs.org/fs.realpath/-/fs.realpath-1.0.0.tgz 2243ms (cache miss)
1013 http fetch GET 200 https://registry.npmjs.org/follow-redirects/-/follow-redirects-1.16.0.tgz 2244ms (cache miss)
1014 http fetch GET 200 https://registry.npmjs.org/gaxios/-/gaxios-6.7.1.tgz 2257ms (cache miss)
1015 http fetch GET 200 https://registry.npmjs.org/fresh/-/fresh-0.5.2.tgz 2264ms (cache miss)
1016 http fetch GET 200 https://registry.npmjs.org/forwarded/-/forwarded-0.2.0.tgz 2265ms (cache miss)
1017 http fetch GET 200 https://registry.npmjs.org/finalhandler/-/finalhandler-1.3.2.tgz 2273ms (cache miss)
1018 http fetch GET 200 https://registry.npmjs.org/find-up/-/find-up-5.0.0.tgz 2277ms (cache miss)
1019 http fetch GET 200 https://registry.npmjs.org/flatted/-/flatted-3.4.2.tgz 2278ms (cache miss)
1020 http fetch GET 200 https://registry.npmjs.org/file-entry-cache/-/file-entry-cache-6.0.1.tgz 2293ms (cache miss)
1021 http fetch GET 200 https://registry.npmjs.org/forever-agent/-/forever-agent-0.6.1.tgz 2305ms (cache miss)
1022 http fetch GET 200 https://registry.npmjs.org/form-data/-/form-data-2.3.3.tgz 2307ms (cache miss)
1023 http fetch GET 200 https://registry.npmjs.org/graphemer/-/graphemer-1.4.0.tgz 2311ms (cache miss)
1024 http fetch GET 200 https://registry.npmjs.org/google-logging-utils/-/google-logging-utils-0.0.2.tgz 2313ms (cache miss)
1025 http fetch GET 200 https://registry.npmjs.org/flat-cache/-/flat-cache-3.2.0.tgz 2323ms (cache miss)
1026 http fetch GET 200 https://registry.npmjs.org/gcp-metadata/-/gcp-metadata-6.1.1.tgz 2324ms (cache miss)
1027 http fetch GET 200 https://registry.npmjs.org/fast-levenshtein/-/fast-levenshtein-2.0.6.tgz 2326ms (cache miss)
1028 http fetch GET 200 https://registry.npmjs.org/fastq/-/fastq-1.20.1.tgz 2329ms (cache miss)
1029 http fetch GET 200 https://registry.npmjs.org/fast-deep-equal/-/fast-deep-equal-3.1.3.tgz 2344ms (cache miss)
1030 http fetch GET 200 https://registry.npmjs.org/etag/-/etag-1.8.1.tgz 2359ms (cache miss)
1031 http fetch GET 200 https://registry.npmjs.org/extend/-/extend-3.0.2.tgz 2359ms (cache miss)
1032 http fetch GET 200 https://registry.npmjs.org/extsprintf/-/extsprintf-1.3.0.tgz 2378ms (cache miss)
1033 http fetch GET 200 https://registry.npmjs.org/esrecurse/-/esrecurse-4.3.0.tgz 2389ms (cache miss)
1034 http fetch GET 200 https://registry.npmjs.org/express-validator/-/express-validator-7.3.2.tgz 2391ms (cache miss)
1035 http fetch GET 200 https://registry.npmjs.org/eslint-visitor-keys/-/eslint-visitor-keys-3.4.3.tgz 2399ms (cache miss)
1036 http fetch GET 200 https://registry.npmjs.org/esutils/-/esutils-2.0.3.tgz 2403ms (cache miss)
1037 http fetch GET 200 https://registry.npmjs.org/fast-json-stable-stringify/-/fast-json-stable-stringify-2.1.0.tgz 2403ms (cache miss)
1038 http fetch GET 200 https://registry.npmjs.org/espree/-/espree-9.6.1.tgz 2412ms (cache miss)
1039 http fetch GET 200 https://registry.npmjs.org/har-schema/-/har-schema-2.0.0.tgz 2453ms (cache miss)
1040 http fetch GET 200 https://registry.npmjs.org/es-object-atoms/-/es-object-atoms-1.1.1.tgz 2485ms (cache miss)
1041 http fetch GET 200 https://registry.npmjs.org/estraverse/-/estraverse-5.3.0.tgz 2522ms (cache miss)
1042 http fetch GET 200 https://registry.npmjs.org/es-errors/-/es-errors-1.3.0.tgz 2529ms (cache miss)
1043 http fetch GET 200 https://registry.npmjs.org/escape-html/-/escape-html-1.0.3.tgz 2586ms (cache miss)
1044 http fetch GET 200 https://registry.npmjs.org/es-set-tostringtag/-/es-set-tostringtag-2.1.0.tgz 2615ms (cache miss)
1045 http fetch GET 200 https://registry.npmjs.org/ee-first/-/ee-first-1.1.1.tgz 2638ms (cache miss)
1046 http fetch GET 200 https://registry.npmjs.org/dunder-proto/-/dunder-proto-1.0.1.tgz 2648ms (cache miss)
1047 http fetch GET 200 https://registry.npmjs.org/iconv-lite/-/iconv-lite-0.4.24.tgz 2675ms (cache miss)
1048 http fetch GET 200 https://registry.npmjs.org/esquery/-/esquery-1.7.0.tgz 2684ms (cache miss)
1049 http fetch GET 200 https://registry.npmjs.org/ecdsa-sig-formatter/-/ecdsa-sig-formatter-1.0.11.tgz 2685ms (cache miss)
1050 http fetch GET 200 https://registry.npmjs.org/get-proto/-/get-proto-1.0.1.tgz 2699ms (cache miss)
1051 http fetch GET 200 https://registry.npmjs.org/ecc-jsbn/-/ecc-jsbn-0.1.2.tgz 2712ms (cache miss)
1052 http fetch GET 200 https://registry.npmjs.org/doctrine/-/doctrine-3.0.0.tgz 2713ms (cache miss)
1053 http fetch GET 200 https://registry.npmjs.org/psl/-/psl-1.15.0.tgz 2737ms (cache miss)
1054 http fetch GET 200 https://registry.npmjs.org/encodeurl/-/encodeurl-2.0.0.tgz 2720ms (cache miss)
1055 http fetch GET 200 https://registry.npmjs.org/depd/-/depd-2.0.0.tgz 2735ms (cache miss)
1056 http fetch GET 200 https://registry.npmjs.org/destroy/-/destroy-1.2.0.tgz 2743ms (cache miss)
1057 http fetch GET 200 https://registry.npmjs.org/escape-string-regexp/-/escape-string-regexp-4.0.0.tgz 2748ms (cache miss)
1058 http fetch GET 200 https://registry.npmjs.org/delayed-stream/-/delayed-stream-1.0.0.tgz 2752ms (cache miss)
1059 http fetch GET 200 https://registry.npmjs.org/deep-is/-/deep-is-0.1.4.tgz 2765ms (cache miss)
1060 http fetch GET 200 https://registry.npmjs.org/cross-spawn/-/cross-spawn-7.0.6.tgz 2767ms (cache miss)
1061 http fetch GET 200 https://registry.npmjs.org/eslint-scope/-/eslint-scope-7.2.2.tgz 2774ms (cache miss)
1062 http fetch GET 200 https://registry.npmjs.org/eslint/-/eslint-8.57.1.tgz 2779ms (cache miss)
1063 warn deprecated eslint@8.57.1: This version is no longer supported. Please see https://eslint.org/version-support for other options.
1064 http fetch GET 200 https://registry.npmjs.org/cors/-/cors-2.8.6.tgz 2784ms (cache miss)
1065 http fetch GET 200 https://registry.npmjs.org/cookie-signature/-/cookie-signature-1.0.6.tgz 2789ms (cache miss)
1066 http fetch GET 200 https://registry.npmjs.org/es-define-property/-/es-define-property-1.0.1.tgz 2797ms (cache miss)
1067 http fetch GET 200 https://registry.npmjs.org/cookie/-/cookie-0.7.2.tgz 2803ms (cache miss)
1068 http fetch GET 200 https://registry.npmjs.org/content-disposition/-/content-disposition-0.5.4.tgz 2821ms (cache miss)
1069 http fetch GET 200 https://registry.npmjs.org/concat-map/-/concat-map-0.0.1.tgz 2823ms (cache miss)
1070 http fetch GET 200 https://registry.npmjs.org/core-util-is/-/core-util-is-1.0.3.tgz 2824ms (cache miss)
1071 http fetch GET 200 https://registry.npmjs.org/dashdash/-/dashdash-1.14.1.tgz 2826ms (cache miss)
1072 http fetch GET 200 https://registry.npmjs.org/content-type/-/content-type-1.0.5.tgz 2829ms (cache miss)
1073 http fetch GET 200 https://registry.npmjs.org/combined-stream/-/combined-stream-1.0.8.tgz 2835ms (cache miss)
1074 http fetch GET 200 https://registry.npmjs.org/cookie-parser/-/cookie-parser-1.4.7.tgz 2838ms (cache miss)
1075 http fetch GET 200 https://registry.npmjs.org/concat-stream/-/concat-stream-1.6.2.tgz 2846ms (cache miss)
1076 http fetch GET 200 https://registry.npmjs.org/color-name/-/color-name-1.1.4.tgz 2847ms (cache miss)
1077 http fetch GET 200 https://registry.npmjs.org/express/-/express-4.22.1.tgz 2856ms (cache miss)
1078 http fetch GET 200 https://registry.npmjs.org/color-convert/-/color-convert-2.0.1.tgz 2880ms (cache miss)
1079 http fetch GET 200 https://registry.npmjs.org/chalk/-/chalk-4.1.2.tgz 2880ms (cache miss)
1080 http fetch GET 200 https://registry.npmjs.org/call-bound/-/call-bound-1.0.4.tgz 2880ms (cache miss)
1081 http fetch GET 200 https://registry.npmjs.org/bytes/-/bytes-3.1.2.tgz 2887ms (cache miss)
1082 http fetch GET 200 https://registry.npmjs.org/call-bind-apply-helpers/-/call-bind-apply-helpers-1.0.2.tgz 2888ms (cache miss)
1083 http fetch GET 200 https://registry.npmjs.org/callsites/-/callsites-3.1.0.tgz 2894ms (cache miss)
1084 http fetch GET 200 https://registry.npmjs.org/fast-xml-builder/-/fast-xml-builder-1.1.5.tgz 2899ms (cache miss)
1085 http fetch GET 200 https://registry.npmjs.org/busboy/-/busboy-1.6.0.tgz 2907ms (cache miss)
1086 http fetch GET 200 https://registry.npmjs.org/caseless/-/caseless-0.12.0.tgz 3009ms (cache miss)
1087 http fetch GET 200 https://registry.npmjs.org/base64-js/-/base64-js-1.5.1.tgz 3027ms (cache miss)
1088 http fetch GET 200 https://registry.npmjs.org/aws-sign2/-/aws-sign2-0.7.0.tgz 3060ms (cache miss)
1089 http fetch GET 200 https://registry.npmjs.org/body-parser/-/body-parser-1.20.4.tgz 3072ms (cache miss)
1090 http fetch GET 200 https://registry.npmjs.org/debug/-/debug-2.6.9.tgz 3080ms (cache miss)
1091 http fetch GET 200 https://registry.npmjs.org/bcrypt-pbkdf/-/bcrypt-pbkdf-1.0.2.tgz 3090ms (cache miss)
1092 http fetch GET 200 https://registry.npmjs.org/bowser/-/bowser-2.14.1.tgz 3109ms (cache miss)
1093 http fetch GET 200 https://registry.npmjs.org/balanced-match/-/balanced-match-1.0.2.tgz 3110ms (cache miss)
1094 http fetch GET 200 https://registry.npmjs.org/dotenv/-/dotenv-16.6.1.tgz 3146ms (cache miss)
1095 http fetch GET 200 https://registry.npmjs.org/assert-plus/-/assert-plus-1.0.0.tgz 3166ms (cache miss)
1096 http fetch GET 200 https://registry.npmjs.org/asn1/-/asn1-0.2.6.tgz 3198ms (cache miss)
1097 http fetch GET 200 https://registry.npmjs.org/bcryptjs/-/bcryptjs-2.4.3.tgz 3200ms (cache miss)
1098 http fetch GET 200 https://registry.npmjs.org/append-field/-/append-field-1.0.0.tgz 3205ms (cache miss)
1099 http fetch GET 200 https://registry.npmjs.org/aws4/-/aws4-1.13.2.tgz 3205ms (cache miss)
1100 http fetch GET 200 https://registry.npmjs.org/array-flatten/-/array-flatten-1.1.1.tgz 3205ms (cache miss)
1101 http fetch GET 200 https://registry.npmjs.org/bson/-/bson-6.10.4.tgz 3211ms (cache miss)
1102 http fetch GET 200 https://registry.npmjs.org/brace-expansion/-/brace-expansion-1.1.14.tgz 3213ms (cache miss)
1103 http fetch GET 200 https://registry.npmjs.org/asynckit/-/asynckit-0.4.0.tgz 3214ms (cache miss)
1104 http fetch GET 200 https://registry.npmjs.org/ansi-styles/-/ansi-styles-4.3.0.tgz 3246ms (cache miss)
1105 http fetch GET 200 https://registry.npmjs.org/buffer-equal-constant-time/-/buffer-equal-constant-time-1.0.1.tgz 3259ms (cache miss)
1106 http fetch GET 200 https://registry.npmjs.org/ansi-regex/-/ansi-regex-5.0.1.tgz 3276ms (cache miss)
1107 http fetch GET 200 https://registry.npmjs.org/agent-base/-/agent-base-7.1.4.tgz 3277ms (cache miss)
1108 http fetch GET 200 https://registry.npmjs.org/buffer-from/-/buffer-from-1.1.2.tgz 3300ms (cache miss)
1109 http fetch GET 200 https://registry.npmjs.org/@ungap/structured-clone/-/structured-clone-1.3.0.tgz 3313ms (cache miss)
1110 http fetch GET 200 https://registry.npmjs.org/@types/webidl-conversions/-/webidl-conversions-7.0.3.tgz 3315ms (cache miss)
1111 http fetch GET 200 https://registry.npmjs.org/@types/whatwg-url/-/whatwg-url-11.0.5.tgz 3332ms (cache miss)
1112 http fetch GET 200 https://registry.npmjs.org/accepts/-/accepts-1.3.8.tgz 3337ms (cache miss)
1113 http fetch GET 200 https://registry.npmjs.org/acorn-jsx/-/acorn-jsx-5.3.2.tgz 3341ms (cache miss)
1114 http fetch GET 200 https://registry.npmjs.org/dayjs/-/dayjs-1.11.20.tgz 3350ms (cache miss)
1115 http fetch GET 200 https://registry.npmjs.org/acorn/-/acorn-8.16.0.tgz 3346ms (cache miss)
1116 http fetch GET 200 https://registry.npmjs.org/argparse/-/argparse-2.0.1.tgz 3354ms (cache miss)
1117 http fetch GET 200 https://registry.npmjs.org/bignumber.js/-/bignumber.js-9.3.1.tgz 3445ms (cache miss)
1118 http fetch GET 200 https://registry.npmjs.org/@smithy/util-utf8/-/util-utf8-4.2.2.tgz 3476ms (cache miss)
1119 http fetch GET 200 https://registry.npmjs.org/fast-xml-parser/-/fast-xml-parser-5.7.1.tgz 3510ms (cache miss)
1120 http fetch GET 200 https://registry.npmjs.org/@smithy/util-retry/-/util-retry-4.3.4.tgz 3505ms (cache miss)
1121 http fetch GET 200 https://registry.npmjs.org/@smithy/util-waiter/-/util-waiter-4.2.16.tgz 3505ms (cache miss)
1122 http fetch GET 200 https://registry.npmjs.org/@smithy/util-uri-escape/-/util-uri-escape-4.2.2.tgz 3516ms (cache miss)
1123 http fetch GET 200 https://registry.npmjs.org/@smithy/uuid/-/uuid-1.1.2.tgz 3526ms (cache miss)
1124 http fetch GET 200 https://registry.npmjs.org/@smithy/util-config-provider/-/util-config-provider-4.2.2.tgz 3543ms (cache miss)
1125 http fetch GET 200 https://registry.npmjs.org/@smithy/util-middleware/-/util-middleware-4.2.14.tgz 3552ms (cache miss)
1126 http fetch GET 200 https://registry.npmjs.org/@smithy/util-defaults-mode-browser/-/util-defaults-mode-browser-4.3.49.tgz 3609ms (cache miss)
1127 http fetch GET 200 https://registry.npmjs.org/bluebird/-/bluebird-3.7.2.tgz 3632ms (cache miss)
1128 http fetch GET 200 https://registry.npmjs.org/@smithy/util-defaults-mode-node/-/util-defaults-mode-node-4.2.54.tgz 3688ms (cache miss)
1129 http fetch GET 200 https://registry.npmjs.org/@smithy/util-body-length-node/-/util-body-length-node-4.2.3.tgz 3688ms (cache miss)
1130 http fetch GET 200 https://registry.npmjs.org/@smithy/util-body-length-browser/-/util-body-length-browser-4.2.2.tgz 3711ms (cache miss)
1131 http fetch GET 200 https://registry.npmjs.org/@smithy/util-endpoints/-/util-endpoints-3.4.2.tgz 3717ms (cache miss)
1132 http fetch GET 200 https://registry.npmjs.org/@smithy/url-parser/-/url-parser-4.2.14.tgz 3718ms (cache miss)
1133 http fetch GET 200 https://registry.npmjs.org/@smithy/signature-v4/-/signature-v4-5.3.14.tgz 3765ms (cache miss)
1134 http fetch GET 200 https://registry.npmjs.org/@smithy/types/-/types-4.14.1.tgz 3783ms (cache miss)
1135 http fetch GET 200 https://registry.npmjs.org/@smithy/smithy-client/-/smithy-client-4.12.13.tgz 3794ms (cache miss)
1136 http fetch GET 200 https://registry.npmjs.org/@smithy/util-base64/-/util-base64-4.3.2.tgz 3802ms (cache miss)
1137 http fetch GET 200 https://registry.npmjs.org/@smithy/property-provider/-/property-provider-4.2.14.tgz 3832ms (cache miss)
1138 http fetch GET 200 https://registry.npmjs.org/@smithy/util-buffer-from/-/util-buffer-from-4.2.2.tgz 3860ms (cache miss)
1139 http fetch GET 200 https://registry.npmjs.org/@smithy/querystring-parser/-/querystring-parser-4.2.14.tgz 3895ms (cache miss)
1140 http fetch GET 200 https://registry.npmjs.org/@smithy/node-http-handler/-/node-http-handler-4.6.1.tgz 3917ms (cache miss)
1141 http fetch GET 200 https://registry.npmjs.org/@smithy/querystring-builder/-/querystring-builder-4.2.14.tgz 3930ms (cache miss)
1142 http fetch GET 200 https://registry.npmjs.org/@smithy/shared-ini-file-loader/-/shared-ini-file-loader-4.4.9.tgz 3932ms (cache miss)
1143 http fetch GET 200 https://registry.npmjs.org/@smithy/protocol-http/-/protocol-http-5.3.14.tgz 3934ms (cache miss)
1144 http fetch GET 200 https://registry.npmjs.org/@smithy/util-stream/-/util-stream-4.5.25.tgz 3939ms (cache miss)
1145 http fetch GET 200 https://registry.npmjs.org/@smithy/util-hex-encoding/-/util-hex-encoding-4.2.2.tgz 3956ms (cache miss)
1146 http fetch GET 200 https://registry.npmjs.org/@smithy/node-config-provider/-/node-config-provider-4.3.14.tgz 3982ms (cache miss)
1147 http fetch GET 200 https://registry.npmjs.org/@smithy/middleware-stack/-/middleware-stack-4.2.14.tgz 3990ms (cache miss)
1148 http fetch GET 200 https://registry.npmjs.org/@smithy/middleware-retry/-/middleware-retry-4.5.5.tgz 4038ms (cache miss)
1149 http fetch GET 200 https://registry.npmjs.org/@smithy/middleware-content-length/-/middleware-content-length-4.2.14.tgz 4038ms (cache miss)
1150 http fetch GET 200 https://registry.npmjs.org/@smithy/middleware-endpoint/-/middleware-endpoint-4.4.32.tgz 4105ms (cache miss)
1151 http fetch GET 200 https://registry.npmjs.org/@smithy/hash-stream-node/-/hash-stream-node-4.2.14.tgz 4112ms (cache miss)
1152 http fetch GET 200 https://registry.npmjs.org/@smithy/hash-node/-/hash-node-4.2.14.tgz 4175ms (cache miss)
1153 http fetch GET 200 https://registry.npmjs.org/@smithy/md5-js/-/md5-js-4.2.14.tgz 4178ms (cache miss)
1154 http fetch GET 200 https://registry.npmjs.org/@smithy/service-error-classification/-/service-error-classification-4.3.0.tgz 4208ms (cache miss)
1155 http fetch GET 200 https://registry.npmjs.org/@smithy/is-array-buffer/-/is-array-buffer-4.2.2.tgz 4250ms (cache miss)
1156 http fetch GET 200 https://registry.npmjs.org/@smithy/eventstream-codec/-/eventstream-codec-4.2.14.tgz 4288ms (cache miss)
1157 http fetch GET 200 https://registry.npmjs.org/@smithy/eventstream-serde-config-resolver/-/eventstream-serde-config-resolver-4.3.14.tgz 4290ms (cache miss)
1158 http fetch GET 200 https://registry.npmjs.org/@smithy/config-resolver/-/config-resolver-4.4.17.tgz 4331ms (cache miss)
1159 http fetch GET 200 https://registry.npmjs.org/@nodelib/fs.stat/-/fs.stat-2.0.5.tgz 4380ms (cache miss)
1160 http fetch GET 200 https://registry.npmjs.org/@smithy/hash-blob-browser/-/hash-blob-browser-4.2.15.tgz 4404ms (cache miss)
1161 http fetch GET 200 https://registry.npmjs.org/@smithy/invalid-dependency/-/invalid-dependency-4.2.14.tgz 4404ms (cache miss)
1162 http fetch GET 200 https://registry.npmjs.org/@smithy/chunked-blob-reader-native/-/chunked-blob-reader-native-4.2.3.tgz 4412ms (cache miss)
1163 http fetch GET 200 https://registry.npmjs.org/@smithy/middleware-serde/-/middleware-serde-4.2.20.tgz 4417ms (cache miss)
1164 http fetch GET 200 https://registry.npmjs.org/@smithy/fetch-http-handler/-/fetch-http-handler-5.3.17.tgz 4435ms (cache miss)
1165 http fetch GET 200 https://registry.npmjs.org/@nodelib/fs.walk/-/fs.walk-1.2.8.tgz 4434ms (cache miss)
1166 http fetch GET 200 https://registry.npmjs.org/@smithy/eventstream-serde-browser/-/eventstream-serde-browser-4.2.14.tgz 4458ms (cache miss)
1167 http fetch GET 200 https://registry.npmjs.org/@humanwhocodes/object-schema/-/object-schema-2.0.3.tgz 4478ms (cache miss)
1168 warn deprecated @humanwhocodes/object-schema@2.0.3: Use @eslint/object-schema instead
1169 http fetch GET 200 https://registry.npmjs.org/@humanwhocodes/module-importer/-/module-importer-1.0.1.tgz 4482ms (cache miss)
1170 http fetch GET 200 https://registry.npmjs.org/@mongodb-js/saslprep/-/saslprep-1.4.9.tgz 4484ms (cache miss)
1171 http fetch GET 200 https://registry.npmjs.org/@eslint/js/-/js-8.57.1.tgz 4494ms (cache miss)
1172 http fetch GET 200 https://registry.npmjs.org/@smithy/eventstream-serde-node/-/eventstream-serde-node-4.2.14.tgz 4526ms (cache miss)
1173 http fetch GET 200 https://registry.npmjs.org/@humanwhocodes/config-array/-/config-array-0.13.0.tgz 4525ms (cache miss)
1174 warn deprecated @humanwhocodes/config-array@0.13.0: Use @eslint/config-array instead
1175 http fetch GET 200 https://registry.npmjs.org/ajv/-/ajv-6.15.0.tgz 4531ms (cache miss)
1176 http fetch GET 200 https://registry.npmjs.org/@nodelib/fs.scandir/-/fs.scandir-2.1.5.tgz 4551ms (cache miss)
1177 http fetch GET 200 https://registry.npmjs.org/@aws-sdk/xml-builder/-/xml-builder-3.972.19.tgz 4571ms (cache miss)
1178 http fetch GET 200 https://registry.npmjs.org/axios/-/axios-1.15.2.tgz 4579ms (cache miss)
1179 http fetch GET 200 https://registry.npmjs.org/@smithy/chunked-blob-reader/-/chunked-blob-reader-5.2.2.tgz 4705ms (cache miss)
1180 http fetch GET 200 https://registry.npmjs.org/@eslint/eslintrc/-/eslintrc-2.1.4.tgz 4722ms (cache miss)
1181 http fetch GET 200 https://registry.npmjs.org/@smithy/core/-/core-3.23.17.tgz 4728ms (cache miss)
1182 http fetch GET 200 https://registry.npmjs.org/@aws-sdk/util-format-url/-/util-format-url-3.972.10.tgz 4731ms (cache miss)
1183 http fetch GET 200 https://registry.npmjs.org/@aws-sdk/util-user-agent-node/-/util-user-agent-node-3.973.21.tgz 4738ms (cache miss)
1184 http fetch GET 200 https://registry.npmjs.org/@aws/lambda-invoke-store/-/lambda-invoke-store-0.2.4.tgz 4766ms (cache miss)
1185 http fetch GET 200 https://registry.npmjs.org/@aws-sdk/types/-/types-3.973.8.tgz 4783ms (cache miss)
1186 http fetch GET 200 https://registry.npmjs.org/@aws-sdk/util-arn-parser/-/util-arn-parser-3.972.3.tgz 4783ms (cache miss)
1187 http fetch GET 200 https://registry.npmjs.org/@aws-sdk/token-providers/-/token-providers-3.1036.0.tgz 4798ms (cache miss)
1188 http fetch GET 200 https://registry.npmjs.org/@nodable/entities/-/entities-2.1.0.tgz 4821ms (cache miss)
1189 http fetch GET 200 https://registry.npmjs.org/@smithy/eventstream-serde-universal/-/eventstream-serde-universal-4.2.14.tgz 4854ms (cache miss)
1190 http fetch GET 200 https://registry.npmjs.org/@aws-sdk/region-config-resolver/-/region-config-resolver-3.972.13.tgz 4926ms (cache miss)
1191 http fetch GET 200 https://registry.npmjs.org/@aws-sdk/nested-clients/-/nested-clients-3.997.3.tgz 4930ms (cache miss)
1192 http fetch GET 200 https://registry.npmjs.org/@aws-sdk/signature-v4-multi-region/-/signature-v4-multi-region-3.996.22.tgz 4934ms (cache miss)
1193 http fetch GET 200 https://registry.npmjs.org/@aws-sdk/util-user-agent-browser/-/util-user-agent-browser-3.972.10.tgz 4938ms (cache miss)
1194 http fetch GET 200 https://registry.npmjs.org/@aws-sdk/middleware-user-agent/-/middleware-user-agent-3.972.35.tgz 4954ms (cache miss)
1195 http fetch GET 200 https://registry.npmjs.org/@aws-sdk/util-locate-window/-/util-locate-window-3.965.5.tgz 4966ms (cache miss)
1196 http fetch GET 200 https://registry.npmjs.org/@smithy/credential-provider-imds/-/credential-provider-imds-4.2.14.tgz 4976ms (cache miss)
1197 http fetch GET 200 https://registry.npmjs.org/@eslint-community/regexpp/-/regexpp-4.12.2.tgz 4984ms (cache miss)
1198 http fetch GET 200 https://registry.npmjs.org/@aws-sdk/credential-provider-web-identity/-/credential-provider-web-identity-3.972.35.tgz 5024ms (cache miss)
1199 http fetch GET 200 https://registry.npmjs.org/@aws-sdk/credential-provider-sso/-/credential-provider-sso-3.972.35.tgz 5041ms (cache miss)
1200 http fetch GET 200 https://registry.npmjs.org/@aws-sdk/credential-provider-process/-/credential-provider-process-3.972.31.tgz 5046ms (cache miss)
1201 http fetch GET 200 https://registry.npmjs.org/@aws-sdk/middleware-sdk-s3/-/middleware-sdk-s3-3.972.34.tgz 5050ms (cache miss)
1202 http fetch GET 200 https://registry.npmjs.org/@aws-sdk/middleware-logger/-/middleware-logger-3.972.10.tgz 5049ms (cache miss)
1203 http fetch GET 200 https://registry.npmjs.org/@aws-sdk/middleware-location-constraint/-/middleware-location-constraint-3.972.10.tgz 5112ms (cache miss)
1204 http fetch GET 200 https://registry.npmjs.org/@aws-sdk/credential-provider-ini/-/credential-provider-ini-3.972.35.tgz 5116ms (cache miss)
1205 http fetch GET 200 https://registry.npmjs.org/@aws-sdk/middleware-ssec/-/middleware-ssec-3.972.10.tgz 5130ms (cache miss)
1206 http fetch GET 200 https://registry.npmjs.org/@aws-sdk/middleware-host-header/-/middleware-host-header-3.972.10.tgz 5147ms (cache miss)
1207 http fetch GET 200 https://registry.npmjs.org/@aws-sdk/util-endpoints/-/util-endpoints-3.996.8.tgz 5199ms (cache miss)
1208 http fetch GET 200 https://registry.npmjs.org/@aws-sdk/credential-provider-http/-/credential-provider-http-3.972.33.tgz 5202ms (cache miss)
1209 http fetch GET 200 https://registry.npmjs.org/@aws-sdk/core/-/core-3.974.5.tgz 5215ms (cache miss)
1210 http fetch GET 200 https://registry.npmjs.org/@aws-sdk/s3-request-presigner/-/s3-request-presigner-3.1036.0.tgz 5234ms (cache miss)
1211 http fetch GET 200 https://registry.npmjs.org/@aws-sdk/credential-provider-node/-/credential-provider-node-3.972.36.tgz 5236ms (cache miss)
1212 http fetch GET 200 https://registry.npmjs.org/core-util-is/-/core-util-is-1.0.2.tgz 5287ms (cache miss)
1213 http fetch GET 200 https://registry.npmjs.org/@aws-sdk/middleware-recursion-detection/-/middleware-recursion-detection-3.972.11.tgz 5317ms (cache miss)
1214 http fetch GET 200 https://registry.npmjs.org/@aws-crypto/util/-/util-5.2.0.tgz 5330ms (cache miss)
1215 http fetch GET 200 https://registry.npmjs.org/@aws-sdk/crc64-nvme/-/crc64-nvme-3.972.7.tgz 5365ms (cache miss)
1216 http fetch GET 200 https://registry.npmjs.org/@aws-crypto/supports-web-crypto/-/supports-web-crypto-5.2.0.tgz 5375ms (cache miss)
1217 http fetch GET 200 https://registry.npmjs.org/@aws-sdk/credential-provider-env/-/credential-provider-env-3.972.31.tgz 5375ms (cache miss)
1218 http fetch GET 200 https://registry.npmjs.org/@aws-sdk/middleware-expect-continue/-/middleware-expect-continue-3.972.10.tgz 5382ms (cache miss)
1219 http fetch GET 200 https://registry.npmjs.org/https-proxy-agent/-/https-proxy-agent-5.0.1.tgz 5428ms (cache miss)
1220 http fetch GET 200 https://registry.npmjs.org/ms/-/ms-2.1.3.tgz 5436ms (cache miss)
1221 http fetch GET 200 https://registry.npmjs.org/@aws-crypto/sha256-browser/-/sha256-browser-5.2.0.tgz 5446ms (cache miss)
1222 http fetch GET 200 https://registry.npmjs.org/uuid/-/uuid-3.4.0.tgz 5481ms (cache miss)
1223 warn deprecated uuid@3.4.0: Please upgrade  to version 7 or higher.  Older versions may use Math.random() in certain circumstances, which is known to be problematic.  See https://v8.dev/blog/math-random for details.
1224 http fetch GET 200 https://registry.npmjs.org/agent-base/-/agent-base-6.0.2.tgz 5488ms (cache miss)
1225 http fetch GET 200 https://registry.npmjs.org/ms/-/ms-2.1.3.tgz 5492ms (cache miss)
1226 http fetch GET 200 https://registry.npmjs.org/debug/-/debug-4.4.3.tgz 5501ms (cache miss)
1227 http fetch GET 200 https://registry.npmjs.org/@aws-sdk/client-s3/-/client-s3-3.1036.0.tgz 5505ms (cache miss)
1228 http fetch GET 200 https://registry.npmjs.org/@aws-sdk/credential-provider-login/-/credential-provider-login-3.972.35.tgz 5525ms (cache miss)
1229 http fetch GET 200 https://registry.npmjs.org/ms/-/ms-2.1.3.tgz 5529ms (cache miss)
1230 http fetch GET 200 https://registry.npmjs.org/@aws-sdk/middleware-bucket-endpoint/-/middleware-bucket-endpoint-3.972.10.tgz 5543ms (cache miss)
1231 http fetch GET 200 https://registry.npmjs.org/webidl-conversions/-/webidl-conversions-7.0.0.tgz 5612ms (cache miss)
1232 http fetch GET 200 https://registry.npmjs.org/@aws-sdk/middleware-flexible-checksums/-/middleware-flexible-checksums-3.974.13.tgz 5622ms (cache miss)
1233 http fetch GET 200 https://registry.npmjs.org/debug/-/debug-4.4.3.tgz 5632ms (cache miss)
1234 http fetch GET 200 https://registry.npmjs.org/safe-buffer/-/safe-buffer-5.1.2.tgz 5633ms (cache miss)
1235 http fetch GET 200 https://registry.npmjs.org/whatwg-url/-/whatwg-url-14.2.0.tgz 5647ms (cache miss)
1236 http fetch GET 200 https://registry.npmjs.org/ms/-/ms-2.1.3.tgz 5658ms (cache miss)
1237 http fetch GET 200 https://registry.npmjs.org/safe-buffer/-/safe-buffer-5.1.2.tgz 5663ms (cache miss)
1238 http fetch GET 200 https://registry.npmjs.org/ms/-/ms-2.1.3.tgz 5664ms (cache miss)
1239 http fetch GET 200 https://registry.npmjs.org/@eslint-community/eslint-utils/-/eslint-utils-4.9.1.tgz 5687ms (cache miss)
1240 http fetch GET 200 https://registry.npmjs.org/@aws-crypto/sha1-browser/-/sha1-browser-5.2.0.tgz 5686ms (cache miss)
1241 http fetch GET 200 https://registry.npmjs.org/ms/-/ms-2.1.3.tgz 5684ms (cache miss)
1242 http fetch GET 200 https://registry.npmjs.org/ms/-/ms-2.1.3.tgz 5708ms (cache miss)
1243 http fetch GET 200 https://registry.npmjs.org/ms/-/ms-2.1.3.tgz 5733ms (cache miss)
1244 http fetch GET 200 https://registry.npmjs.org/@smithy/util-utf8/-/util-utf8-2.3.0.tgz 5767ms (cache miss)
1245 http fetch GET 200 https://registry.npmjs.org/debug/-/debug-4.4.3.tgz 5801ms (cache miss)
1246 http fetch GET 200 https://registry.npmjs.org/ms/-/ms-2.1.3.tgz 5805ms (cache miss)
1247 http fetch GET 200 https://registry.npmjs.org/@aws-crypto/sha256-js/-/sha256-js-5.2.0.tgz 5810ms (cache miss)
1248 http fetch GET 200 https://registry.npmjs.org/form-data/-/form-data-4.0.5.tgz 5816ms (cache miss)
1249 http fetch GET 200 https://registry.npmjs.org/@smithy/util-utf8/-/util-utf8-2.3.0.tgz 5825ms (cache miss)
1250 http fetch GET 200 https://registry.npmjs.org/debug/-/debug-4.4.3.tgz 5830ms (cache miss)
1251 http fetch GET 200 https://registry.npmjs.org/qs/-/qs-6.5.5.tgz 5840ms (cache miss)
1252 http fetch GET 200 https://registry.npmjs.org/debug/-/debug-4.4.3.tgz 5838ms (cache miss)
1253 http fetch GET 200 https://registry.npmjs.org/@aws-crypto/crc32/-/crc32-5.2.0.tgz 5847ms (cache miss)
1254 http fetch GET 200 https://registry.npmjs.org/@smithy/util-buffer-from/-/util-buffer-from-2.2.0.tgz 5865ms (cache miss)
1255 http fetch GET 200 https://registry.npmjs.org/form-data 5232ms (cache miss)
1256 silly packumentCache corgi:https://registry.npmjs.org/form-data set size:undefined disposed:false
1257 http fetch GET 200 https://registry.npmjs.org/@smithy/util-utf8/-/util-utf8-2.3.0.tgz 5983ms (cache miss)
1258 http fetch GET 200 https://registry.npmjs.org/@smithy/util-buffer-from/-/util-buffer-from-2.2.0.tgz 6020ms (cache miss)
1259 http fetch GET 200 https://registry.npmjs.org/tough-cookie 5320ms (cache miss)
1260 silly packumentCache corgi:https://registry.npmjs.org/tough-cookie set size:undefined disposed:false
1261 http fetch GET 200 https://registry.npmjs.org/request 5356ms (cache miss)
1262 silly packumentCache corgi:https://registry.npmjs.org/request set size:undefined disposed:false
1263 http fetch GET 200 https://registry.npmjs.org/@smithy/is-array-buffer/-/is-array-buffer-2.2.0.tgz 6060ms (cache miss)
1264 http fetch GET 200 https://registry.npmjs.org/@smithy/is-array-buffer/-/is-array-buffer-2.2.0.tgz 6073ms (cache miss)
1265 http fetch GET 200 https://registry.npmjs.org/@smithy/is-array-buffer/-/is-array-buffer-2.2.0.tgz 6079ms (cache miss)
1266 http fetch GET 200 https://registry.npmjs.org/tr46/-/tr46-5.1.1.tgz 6085ms (cache miss)
1267 http fetch GET 200 https://registry.npmjs.org/uuid 5402ms (cache miss)
1268 silly packumentCache corgi:https://registry.npmjs.org/uuid set size:undefined disposed:false
1269 http fetch GET 200 https://registry.npmjs.org/@smithy/util-buffer-from/-/util-buffer-from-2.2.0.tgz 6181ms (cache miss)
1270 http fetch GET 200 https://registry.npmjs.org/mongodb/-/mongodb-6.20.0.tgz 6190ms (cache miss)
1271 http fetch GET 200 https://registry.npmjs.org/debug/-/debug-4.4.3.tgz 6196ms (cache miss)
1272 http fetch GET 200 https://registry.npmjs.org/qs 5506ms (cache miss)
1273 silly packumentCache corgi:https://registry.npmjs.org/qs set size:undefined disposed:false
1274 silly packumentCache corgi:https://registry.npmjs.org/@getbrevo%2fbrevo cache-miss
1275 http fetch GET 200 https://registry.npmjs.org/@aws-crypto/crc32c/-/crc32c-5.2.0.tgz 6251ms (cache miss)
1276 http fetch GET 200 https://registry.npmjs.org/@getbrevo%2fbrevo 87ms (cache miss)
1277 silly packumentCache corgi:https://registry.npmjs.org/@getbrevo%2fbrevo set size:undefined disposed:false
1278 silly packumentCache corgi:https://registry.npmjs.org/gaxios cache-miss
1279 http fetch GET 200 https://registry.npmjs.org/@getbrevo/brevo/-/brevo-2.5.0.tgz 7120ms (cache miss)
1280 http fetch GET 200 https://registry.npmjs.org/gaxios 965ms (cache miss)
1281 silly packumentCache corgi:https://registry.npmjs.org/gaxios set size:undefined disposed:false
1282 silly packumentCache corgi:https://registry.npmjs.org/gcp-metadata cache-miss
1283 silly packumentCache corgi:https://registry.npmjs.org/google-auth-library cache-miss
1284 silly packumentCache corgi:https://registry.npmjs.org/gtoken cache-miss
1285 http fetch GET 200 https://registry.npmjs.org/gtoken 97ms (cache miss)
1286 silly packumentCache corgi:https://registry.npmjs.org/gtoken set size:undefined disposed:false
1287 http fetch GET 200 https://registry.npmjs.org/gcp-metadata 116ms (cache miss)
1288 silly packumentCache corgi:https://registry.npmjs.org/gcp-metadata set size:undefined disposed:false
1289 http fetch GET 200 https://registry.npmjs.org/google-auth-library 466ms (cache miss)
1290 silly packumentCache corgi:https://registry.npmjs.org/google-auth-library set size:undefined disposed:false
1291 silly ADD node_modules/yocto-queue
1292 silly ADD node_modules/xtend
1293 silly ADD node_modules/xmlbuilder
1294 silly ADD node_modules/wrappy
1295 silly ADD node_modules/word-wrap
1296 silly ADD node_modules/which
1297 silly ADD node_modules/whatwg-url
1298 silly ADD node_modules/webidl-conversions
1299 silly ADD node_modules/verror
1300 silly ADD node_modules/verror/node_modules/core-util-is
1301 silly ADD node_modules/vary
1302 silly ADD node_modules/validator
1303 silly ADD node_modules/uuid
1304 silly ADD node_modules/utils-merge
1305 silly ADD node_modules/util-deprecate
1306 silly ADD node_modules/uri-js
1307 silly ADD node_modules/unpipe
1308 silly ADD node_modules/typedarray
1309 silly ADD node_modules/type-is
1310 silly ADD node_modules/type-fest
1311 silly ADD node_modules/type-check
1312 silly ADD node_modules/twilio
1313 silly ADD node_modules/twilio/node_modules/ms
1314 silly ADD node_modules/twilio/node_modules/https-proxy-agent
1315 silly ADD node_modules/twilio/node_modules/debug
1316 silly ADD node_modules/twilio/node_modules/agent-base
1317 silly ADD node_modules/tweetnacl
1318 silly ADD node_modules/tunnel-agent
1319 silly ADD node_modules/tslib
1320 silly ADD node_modules/tr46
1321 silly ADD node_modules/tough-cookie
1322 silly ADD node_modules/toidentifier
1323 silly ADD node_modules/text-table
1324 silly ADD node_modules/supports-color
1325 silly ADD node_modules/strnum
1326 silly ADD node_modules/stripe
1327 silly ADD node_modules/strip-json-comments
1328 silly ADD node_modules/strip-ansi
1329 silly ADD node_modules/string_decoder
1330 silly ADD node_modules/string_decoder/node_modules/safe-buffer
1331 silly ADD node_modules/streamsearch
1332 silly ADD node_modules/statuses
1333 silly ADD node_modules/sshpk
1334 silly ADD node_modules/sparse-bitfield
1335 silly ADD node_modules/sift
1336 silly ADD node_modules/side-channel-weakmap
1337 silly ADD node_modules/side-channel-map
1338 silly ADD node_modules/side-channel-list
1339 silly ADD node_modules/side-channel
1340 silly ADD node_modules/shebang-regex
1341 silly ADD node_modules/shebang-command
1342 silly ADD node_modules/setprototypeof
1343 silly ADD node_modules/serve-static
1344 silly ADD node_modules/send
1345 silly ADD node_modules/send/node_modules/ms
1346 silly ADD node_modules/semver
1347 silly ADD node_modules/scmp
1348 silly ADD node_modules/safer-buffer
1349 silly ADD node_modules/safe-buffer
1350 silly ADD node_modules/run-parallel
1351 silly ADD node_modules/rimraf
1352 silly ADD node_modules/rewire
1353 silly ADD node_modules/reusify
1354 silly ADD node_modules/resolve-from
1355 silly ADD node_modules/request
1356 silly ADD node_modules/request/node_modules/uuid
1357 silly ADD node_modules/request/node_modules/qs
1358 silly ADD node_modules/readable-stream
1359 silly ADD node_modules/readable-stream/node_modules/safe-buffer
1360 silly ADD node_modules/raw-body
1361 silly ADD node_modules/range-parser
1362 silly ADD node_modules/queue-microtask
1363 silly ADD node_modules/qs
1364 silly ADD node_modules/punycode
1365 silly ADD node_modules/psl
1366 silly ADD node_modules/proxy-from-env
1367 silly ADD node_modules/proxy-addr
1368 silly ADD node_modules/process-nextick-args
1369 silly ADD node_modules/prelude-ls
1370 silly ADD node_modules/performance-now
1371 silly ADD node_modules/path-to-regexp
1372 silly ADD node_modules/path-key
1373 silly ADD node_modules/path-is-absolute
1374 silly ADD node_modules/path-expression-matcher
1375 silly ADD node_modules/path-exists
1376 silly ADD node_modules/parseurl
1377 silly ADD node_modules/parent-module
1378 silly ADD node_modules/p-locate
1379 silly ADD node_modules/p-limit
1380 silly ADD node_modules/optionator
1381 silly ADD node_modules/once
1382 silly ADD node_modules/on-finished
1383 silly ADD node_modules/object-inspect
1384 silly ADD node_modules/object-assign
1385 silly ADD node_modules/oauth-sign
1386 silly ADD node_modules/node-fetch
1387 silly ADD node_modules/negotiator
1388 silly ADD node_modules/natural-compare
1389 silly ADD node_modules/multer
1390 silly ADD node_modules/ms
1391 silly ADD node_modules/mquery
1392 silly ADD node_modules/mquery/node_modules/ms
1393 silly ADD node_modules/mquery/node_modules/debug
1394 silly ADD node_modules/mpath
1395 silly ADD node_modules/mongoose
1396 silly ADD node_modules/mongoose/node_modules/ms
1397 silly ADD node_modules/mongoose/node_modules/mongodb
1398 silly ADD node_modules/mongodb-connection-string-url
1399 silly ADD node_modules/mongodb-connection-string-url/node_modules/whatwg-url
1400 silly ADD node_modules/mongodb-connection-string-url/node_modules/webidl-conversions
1401 silly ADD node_modules/mongodb-connection-string-url/node_modules/tr46
1402 silly ADD node_modules/mkdirp
1403 silly ADD node_modules/minimist
1404 silly ADD node_modules/minimatch
1405 silly ADD node_modules/mime-types
1406 silly ADD node_modules/mime-db
1407 silly ADD node_modules/mime
1408 silly ADD node_modules/methods
1409 silly ADD node_modules/merge-descriptors
1410 silly ADD node_modules/memory-pager
1411 silly ADD node_modules/media-typer
1412 silly ADD node_modules/math-intrinsics
1413 silly ADD node_modules/lodash.once
1414 silly ADD node_modules/lodash.merge
1415 silly ADD node_modules/lodash.isstring
1416 silly ADD node_modules/lodash.isplainobject
1417 silly ADD node_modules/lodash.isnumber
1418 silly ADD node_modules/lodash.isinteger
1419 silly ADD node_modules/lodash.isboolean
1420 silly ADD node_modules/lodash.includes
1421 silly ADD node_modules/lodash
1422 silly ADD node_modules/locate-path
1423 silly ADD node_modules/levn
1424 silly ADD node_modules/keyv
1425 silly ADD node_modules/kareem
1426 silly ADD node_modules/jws
1427 silly ADD node_modules/jwa
1428 silly ADD node_modules/jsprim
1429 silly ADD node_modules/jsonwebtoken
1430 silly ADD node_modules/jsonwebtoken/node_modules/ms
1431 silly ADD node_modules/json-stringify-safe
1432 silly ADD node_modules/json-stable-stringify-without-jsonify
1433 silly ADD node_modules/json-schema-traverse
1434 silly ADD node_modules/json-schema
1435 silly ADD node_modules/json-buffer
1436 silly ADD node_modules/json-bigint
1437 silly ADD node_modules/jsbn
1438 silly ADD node_modules/js-yaml
1439 silly ADD node_modules/isstream
1440 silly ADD node_modules/isexe
1441 silly ADD node_modules/isarray
1442 silly ADD node_modules/is-typedarray
1443 silly ADD node_modules/is-stream
1444 silly ADD node_modules/is-path-inside
1445 silly ADD node_modules/is-glob
1446 silly ADD node_modules/is-extglob
1447 silly ADD node_modules/ipaddr.js
1448 silly ADD node_modules/inherits
1449 silly ADD node_modules/inflight
1450 silly ADD node_modules/imurmurhash
1451 silly ADD node_modules/import-fresh
1452 silly ADD node_modules/ignore
1453 silly ADD node_modules/iconv-lite
1454 silly ADD node_modules/https-proxy-agent
1455 silly ADD node_modules/https-proxy-agent/node_modules/ms
1456 silly ADD node_modules/https-proxy-agent/node_modules/debug
1457 silly ADD node_modules/http-signature
1458 silly ADD node_modules/http-errors
1459 silly ADD node_modules/hasown
1460 silly ADD node_modules/has-tostringtag
1461 silly ADD node_modules/has-symbols
1462 silly ADD node_modules/has-flag
1463 silly ADD node_modules/har-validator
1464 silly ADD node_modules/har-schema
1465 silly ADD node_modules/gtoken
1466 silly ADD node_modules/graphemer
1467 silly ADD node_modules/gopd
1468 silly ADD node_modules/google-logging-utils
1469 silly ADD node_modules/google-auth-library
1470 silly ADD node_modules/globals
1471 silly ADD node_modules/glob-parent
1472 silly ADD node_modules/glob
1473 silly ADD node_modules/getpass
1474 silly ADD node_modules/get-proto
1475 silly ADD node_modules/get-intrinsic
1476 silly ADD node_modules/gcp-metadata
1477 silly ADD node_modules/gaxios
1478 silly ADD node_modules/function-bind
1479 silly ADD node_modules/fs.realpath
1480 silly ADD node_modules/fresh
1481 silly ADD node_modules/forwarded
1482 silly ADD node_modules/form-data
1483 silly ADD node_modules/forever-agent
1484 silly ADD node_modules/follow-redirects
1485 silly ADD node_modules/flatted
1486 silly ADD node_modules/flat-cache
1487 silly ADD node_modules/find-up
1488 silly ADD node_modules/finalhandler
1489 silly ADD node_modules/file-entry-cache
1490 silly ADD node_modules/fastq
1491 silly ADD node_modules/fast-xml-parser
1492 silly ADD node_modules/fast-xml-builder
1493 silly ADD node_modules/fast-levenshtein
1494 silly ADD node_modules/fast-json-stable-stringify
1495 silly ADD node_modules/fast-deep-equal
1496 silly ADD node_modules/extsprintf
1497 silly ADD node_modules/extend
1498 silly ADD node_modules/express-validator
1499 silly ADD node_modules/express
1500 silly ADD node_modules/etag
1501 silly ADD node_modules/esutils
1502 silly ADD node_modules/estraverse
1503 silly ADD node_modules/esrecurse
1504 silly ADD node_modules/esquery
1505 silly ADD node_modules/espree
1506 silly ADD node_modules/eslint-visitor-keys
1507 silly ADD node_modules/eslint-scope
1508 silly ADD node_modules/eslint
1509 silly ADD node_modules/eslint/node_modules/ms
1510 silly ADD node_modules/eslint/node_modules/debug
1511 silly ADD node_modules/escape-string-regexp
1512 silly ADD node_modules/escape-html
1513 silly ADD node_modules/es-set-tostringtag
1514 silly ADD node_modules/es-object-atoms
1515 silly ADD node_modules/es-errors
1516 silly ADD node_modules/es-define-property
1517 silly ADD node_modules/encodeurl
1518 silly ADD node_modules/ee-first
1519 silly ADD node_modules/ecdsa-sig-formatter
1520 silly ADD node_modules/ecc-jsbn
1521 silly ADD node_modules/dunder-proto
1522 silly ADD node_modules/dotenv
1523 silly ADD node_modules/doctrine
1524 silly ADD node_modules/destroy
1525 silly ADD node_modules/depd
1526 silly ADD node_modules/delayed-stream
1527 silly ADD node_modules/deep-is
1528 silly ADD node_modules/debug
1529 silly ADD node_modules/dayjs
1530 silly ADD node_modules/dashdash
1531 silly ADD node_modules/cross-spawn
1532 silly ADD node_modules/cors
1533 silly ADD node_modules/core-util-is
1534 silly ADD node_modules/cookie-signature
1535 silly ADD node_modules/cookie-parser
1536 silly ADD node_modules/cookie
1537 silly ADD node_modules/content-type
1538 silly ADD node_modules/content-disposition
1539 silly ADD node_modules/concat-stream
1540 silly ADD node_modules/concat-map
1541 silly ADD node_modules/combined-stream
1542 silly ADD node_modules/color-name
1543 silly ADD node_modules/color-convert
1544 silly ADD node_modules/chalk
1545 silly ADD node_modules/caseless
1546 silly ADD node_modules/callsites
1547 silly ADD node_modules/call-bound
1548 silly ADD node_modules/call-bind-apply-helpers
1549 silly ADD node_modules/bytes
1550 silly ADD node_modules/busboy
1551 silly ADD node_modules/buffer-from
1552 silly ADD node_modules/buffer-equal-constant-time
1553 silly ADD node_modules/bson
1554 silly ADD node_modules/brace-expansion
1555 silly ADD node_modules/bowser
1556 silly ADD node_modules/body-parser
1557 silly ADD node_modules/bluebird
1558 silly ADD node_modules/bignumber.js
1559 silly ADD node_modules/bcryptjs
1560 silly ADD node_modules/bcrypt-pbkdf
1561 silly ADD node_modules/base64-js
1562 silly ADD node_modules/balanced-match
1563 silly ADD node_modules/axios
1564 silly ADD node_modules/axios/node_modules/form-data
1565 silly ADD node_modules/aws4
1566 silly ADD node_modules/aws-sign2
1567 silly ADD node_modules/asynckit
1568 silly ADD node_modules/assert-plus
1569 silly ADD node_modules/asn1
1570 silly ADD node_modules/array-flatten
1571 silly ADD node_modules/argparse
1572 silly ADD node_modules/append-field
1573 silly ADD node_modules/ansi-styles
1574 silly ADD node_modules/ansi-regex
1575 silly ADD node_modules/ajv
1576 silly ADD node_modules/agent-base
1577 silly ADD node_modules/acorn-jsx
1578 silly ADD node_modules/acorn
1579 silly ADD node_modules/accepts
1580 silly ADD node_modules/@ungap/structured-clone
1581 silly ADD node_modules/@types/whatwg-url
1582 silly ADD node_modules/@types/webidl-conversions
1583 silly ADD node_modules/@smithy/uuid
1584 silly ADD node_modules/@smithy/util-waiter
1585 silly ADD node_modules/@smithy/util-utf8
1586 silly ADD node_modules/@smithy/util-uri-escape
1587 silly ADD node_modules/@smithy/util-stream
1588 silly ADD node_modules/@smithy/util-retry
1589 silly ADD node_modules/@smithy/util-middleware
1590 silly ADD node_modules/@smithy/util-hex-encoding
1591 silly ADD node_modules/@smithy/util-endpoints
1592 silly ADD node_modules/@smithy/util-defaults-mode-node
1593 silly ADD node_modules/@smithy/util-defaults-mode-browser
1594 silly ADD node_modules/@smithy/util-config-provider
1595 silly ADD node_modules/@smithy/util-buffer-from
1596 silly ADD node_modules/@smithy/util-body-length-node
1597 silly ADD node_modules/@smithy/util-body-length-browser
1598 silly ADD node_modules/@smithy/util-base64
1599 silly ADD node_modules/@smithy/url-parser
1600 silly ADD node_modules/@smithy/types
1601 silly ADD node_modules/@smithy/smithy-client
1602 silly ADD node_modules/@smithy/signature-v4
1603 silly ADD node_modules/@smithy/shared-ini-file-loader
1604 silly ADD node_modules/@smithy/service-error-classification
1605 silly ADD node_modules/@smithy/querystring-parser
1606 silly ADD node_modules/@smithy/querystring-builder
1607 silly ADD node_modules/@smithy/protocol-http
1608 silly ADD node_modules/@smithy/property-provider
1609 silly ADD node_modules/@smithy/node-http-handler
1610 silly ADD node_modules/@smithy/node-config-provider
1611 silly ADD node_modules/@smithy/middleware-stack
1612 silly ADD node_modules/@smithy/middleware-serde
1613 silly ADD node_modules/@smithy/middleware-retry
1614 silly ADD node_modules/@smithy/middleware-endpoint
1615 silly ADD node_modules/@smithy/middleware-content-length
1616 silly ADD node_modules/@smithy/md5-js
1617 silly ADD node_modules/@smithy/is-array-buffer
1618 silly ADD node_modules/@smithy/invalid-dependency
1619 silly ADD node_modules/@smithy/hash-stream-node
1620 silly ADD node_modules/@smithy/hash-node
1621 silly ADD node_modules/@smithy/hash-blob-browser
1622 silly ADD node_modules/@smithy/fetch-http-handler
1623 silly ADD node_modules/@smithy/eventstream-serde-universal
1624 silly ADD node_modules/@smithy/eventstream-serde-node
1625 silly ADD node_modules/@smithy/eventstream-serde-config-resolver
1626 silly ADD node_modules/@smithy/eventstream-serde-browser
1627 silly ADD node_modules/@smithy/eventstream-codec
1628 silly ADD node_modules/@smithy/credential-provider-imds
1629 silly ADD node_modules/@smithy/core
1630 silly ADD node_modules/@smithy/config-resolver
1631 silly ADD node_modules/@smithy/chunked-blob-reader-native
1632 silly ADD node_modules/@smithy/chunked-blob-reader
1633 silly ADD node_modules/@nodelib/fs.walk
1634 silly ADD node_modules/@nodelib/fs.stat
1635 silly ADD node_modules/@nodelib/fs.scandir
1636 silly ADD node_modules/@nodable/entities
1637 silly ADD node_modules/@mongodb-js/saslprep
1638 silly ADD node_modules/@humanwhocodes/object-schema
1639 silly ADD node_modules/@humanwhocodes/module-importer
1640 silly ADD node_modules/@humanwhocodes/config-array
1641 silly ADD node_modules/@humanwhocodes/config-array/node_modules/ms
1642 silly ADD node_modules/@humanwhocodes/config-array/node_modules/debug
1643 silly ADD node_modules/@getbrevo/brevo
1644 silly ADD node_modules/@eslint/js
1645 silly ADD node_modules/@eslint/eslintrc
1646 silly ADD node_modules/@eslint/eslintrc/node_modules/ms
1647 silly ADD node_modules/@eslint/eslintrc/node_modules/debug
1648 silly ADD node_modules/@eslint-community/regexpp
1649 silly ADD node_modules/@eslint-community/eslint-utils
1650 silly ADD node_modules/@aws/lambda-invoke-store
1651 silly ADD node_modules/@aws-sdk/xml-builder
1652 silly ADD node_modules/@aws-sdk/util-user-agent-node
1653 silly ADD node_modules/@aws-sdk/util-user-agent-browser
1654 silly ADD node_modules/@aws-sdk/util-locate-window
1655 silly ADD node_modules/@aws-sdk/util-format-url
1656 silly ADD node_modules/@aws-sdk/util-endpoints
1657 silly ADD node_modules/@aws-sdk/util-arn-parser
1658 silly ADD node_modules/@aws-sdk/types
1659 silly ADD node_modules/@aws-sdk/token-providers
1660 silly ADD node_modules/@aws-sdk/signature-v4-multi-region
1661 silly ADD node_modules/@aws-sdk/s3-request-presigner
1662 silly ADD node_modules/@aws-sdk/region-config-resolver
1663 silly ADD node_modules/@aws-sdk/nested-clients
1664 silly ADD node_modules/@aws-sdk/middleware-user-agent
1665 silly ADD node_modules/@aws-sdk/middleware-ssec
1666 silly ADD node_modules/@aws-sdk/middleware-sdk-s3
1667 silly ADD node_modules/@aws-sdk/middleware-recursion-detection
1668 silly ADD node_modules/@aws-sdk/middleware-logger
1669 silly ADD node_modules/@aws-sdk/middleware-location-constraint
1670 silly ADD node_modules/@aws-sdk/middleware-host-header
1671 silly ADD node_modules/@aws-sdk/middleware-flexible-checksums
1672 silly ADD node_modules/@aws-sdk/middleware-expect-continue
1673 silly ADD node_modules/@aws-sdk/middleware-bucket-endpoint
1674 silly ADD node_modules/@aws-sdk/credential-provider-web-identity
1675 silly ADD node_modules/@aws-sdk/credential-provider-sso
1676 silly ADD node_modules/@aws-sdk/credential-provider-process
1677 silly ADD node_modules/@aws-sdk/credential-provider-node
1678 silly ADD node_modules/@aws-sdk/credential-provider-login
1679 silly ADD node_modules/@aws-sdk/credential-provider-ini
1680 silly ADD node_modules/@aws-sdk/credential-provider-http
1681 silly ADD node_modules/@aws-sdk/credential-provider-env
1682 silly ADD node_modules/@aws-sdk/crc64-nvme
1683 silly ADD node_modules/@aws-sdk/core
1684 silly ADD node_modules/@aws-sdk/client-s3
1685 silly ADD node_modules/@aws-crypto/util
1686 silly ADD node_modules/@aws-crypto/util/node_modules/@smithy/util-utf8
1687 silly ADD node_modules/@aws-crypto/util/node_modules/@smithy/util-buffer-from
1688 silly ADD node_modules/@aws-crypto/util/node_modules/@smithy/is-array-buffer
1689 silly ADD node_modules/@aws-crypto/supports-web-crypto
1690 silly ADD node_modules/@aws-crypto/sha256-js
1691 silly ADD node_modules/@aws-crypto/sha256-browser
1692 silly ADD node_modules/@aws-crypto/sha256-browser/node_modules/@smithy/util-utf8
1693 silly ADD node_modules/@aws-crypto/sha256-browser/node_modules/@smithy/util-buffer-from
1694 silly ADD node_modules/@aws-crypto/sha256-browser/node_modules/@smithy/is-array-buffer
1695 silly ADD node_modules/@aws-crypto/sha1-browser
1696 silly ADD node_modules/@aws-crypto/sha1-browser/node_modules/@smithy/util-utf8
1697 silly ADD node_modules/@aws-crypto/sha1-browser/node_modules/@smithy/util-buffer-from
1698 silly ADD node_modules/@aws-crypto/sha1-browser/node_modules/@smithy/is-array-buffer
1699 silly ADD node_modules/@aws-crypto/crc32c
1700 silly ADD node_modules/@aws-crypto/crc32
1701 verbose cwd /Users/rayanqadir/Desktop/Farely/backend
1702 verbose os Darwin 25.4.0
1703 verbose node v23.11.1
1704 verbose npm  v11.6.3
1705 notice
1705 notice New minor version of npm available! 11.6.3 -> 11.13.0
1705 notice Changelog: https://github.com/npm/cli/releases/tag/v11.13.0
1705 notice To update run: npm install -g npm@11.13.0
1705 notice  { force: true, [Symbol(proc-log.meta)]: true }
1706 verbose exit 0
1707 info ok
